-87.14859772;33.03834915;0
-86.63339996;34.01269913;0.00217824
-85.70469666;32.08162689;0.001499976
-86.67725372;31.74399948;0.003620297
-85.35935211;32.9185257;0
-86.69689941;32.86545181;0.001801205
-88.20185089;32.00394821;0
-87.81974792;31.59149933;0
-85.90750122;33.29457474;0
-85.59629822;33.7167511;0.001394566
-86.25894928;32.92907333;0
-86.32274628;31.74575043;0.004357508
-87.85154724;34.44314957;0.004178859
-87.94387817;32.83895111;0.00145153
-86.90245056;33.54432678;0
-88.10984802;33.79135132;0.003616599
-85.34899902;32.57804871;0
-86.65589905;32.17839813;0.003917458
-85.72805023;32.41439819;0.00409487
-87.78990173;32.26077652;0.000639687
-87.92079926;34.11780167;0
-88.18650055;30.74489975;0.001013714
-86.21414948;32.23270035;0.001978449
-87.2716217;32.59090042;0.001954537
-88.08865356;33.26255035;0.005318123
-85.16970062;32.28604889;0.001705467
-86.32160187;33.68040085;0.00078647
-85.80102539;32.79990005;0
-87.29485321;33.7574501;0
-87.26184845;32.046875;0.001934048
-87.37322235;34.14965057;0
-109.5223007;35.24095154;0
-112.0443497;35.63372421;0
-110.8554993;33.73215103;0
-109.7823486;33.03855133;0.000573788
-109.2700272;33.10224915;0
-113.647377;35.61334991;0
-110.2884979;35.28625107;0
-111.8898468;31.96990013;0
-110.9089966;31.53199959;0
-112.4041748;34.70529938;0
-114.0678024;32.7504425;0.000538393
-91.38365173;34.26305008;0.003161388
-91.79750061;33.20220184;0.013569994
-92.35449982;36.23625183;0
-94.24210358;36.30054855;0
-93.07749939;36.30625153;0
-92.16917419;33.43534851;0
-92.53822327;33.55054855;0
-93.58204651;36.31034851;0
-93.19419861;34.05889893;0
-92.02185059;35.53522491;0
-92.21414948;33.88410187;0
-93.23435211;33.23625183;0
-94.19239807;35.55602646;0.009185156
-90.77185059;35.29624939;0.017760006
-92.64745331;33.97534943;0
-92.35684967;35.11989975;0
-93.88870239;35.48685074;0
-91.80449677;36.37625122;0
-93.09919739;34.58124924;0
-92.44317627;34.27759933;0
-93.70670319;33.74240112;0
-93.03829956;34.32772446;0
-94.03794861;34.05157471;0
-91.94454956;36.06415176;0
-91.05357361;36.07097626;0
-91.69879913;33.97850037;0.004176319
-93.70414734;36.03350067;0
-92.64982605;36.2804985;0
-93.85820007;33.31639862;0.04131743
-93.66425323;34.54315186;0
-93.29360199;33.69874954;0
-93.23204803;35.92494965;0
-92.84230042;33.58475113;0
-92.92479706;34.94335175;0
-93.65505219;34.14757538;0
-94.19985199;34.45940018;0
-93.05415344;35.42575073;0
-92.39234924;34.7519989;0
-90.77572632;35.00814819;0
-92.65950012;34.6358757;0
-94.07945251;34.88264847;0
-92.68115234;35.91685104;0
-94.23795319;35.19205093;0
-94.21765137;33.97154999;0
-92.12684631;35.91889954;0
-92.52884674;33.19630051;0
-92.54585266;35.57720184;0
-94.220047;35.99377441;0
-91.73325348;35.27890015;0
-121.9217987;37.67757416;0.000847377
-119.8101501;38.62889862;0
-120.5492477;38.46559906;0
-120.5059509;38.17164993;0
-121.9980469;37.90987396;0.005642753
-123.890152;41.69127655;0
-120.5111771;38.78570175;0
-123.8980484;40.73345184;0
-115.285347;33.02610016;0.000224565
-117.2005463;36.62549973;0
-122.7126007;39.12480164;0
-120.6631012;40.44647598;0
-118.298172;34.26347351;0
-122.6778488;38.06425095;0
-119.8471985;37.5271492;0
-123.4216537;39.38570023;0
-120.7268982;41.59080124;0
-118.7369995;38.0882988;0
-121.0956497;36.34690094;0
-122.3560028;38.50984955;0
-121.0003357;39.2710495;0
-117.7664032;33.66650009;0
-120.7421494;39.01385117;0
-120.7967987;40.02339935;0
-116.055397;33.75289917;8.67168E-05
-121.1194534;36.59429932;0
-116.8377991;33.0196991;0
-122.3984985;37.81909943;0
-120.4091721;35.34640121;0
-122.2912521;37.40790176;0
-120.0454712;34.73550034;0
-121.7052536;37.19210052;0
-121.9485016;37.06840134;0
-122.1912003;40.73529816;0
-120.5155258;39.58217621;0
-122.5621262;41.50479889;0
-122.9457016;38.46125031;0
-122.2154236;40.12167358;0.000370638
-123.0228271;40.66040039;0
-119.9507523;38.03504944;0
-119.0536728;34.47320175;0
-105.747673;37.55410004;0
-104.3806992;39.65227509;0.000972744
-106.9785004;37.20755005;0
-106.264473;38.74005127;0
-105.6604004;39.70849991;0
-106.1977768;37.19817352;0
-105.4532471;37.31534958;0
-103.7794037;38.31790161;0.00099019
-105.4223022;38.07842636;0
-104.9216537;39.71142578;0
-108.4516525;37.68935013;0
-104.9943466;39.34794998;0
-106.6443253;39.64144897;0
-104.1882477;39.21657562;0
-105.4753036;38.4776001;0
-107.5255051;39.72862625;0
-105.5480499;39.84069824;0
-106.1399994;40.08560181;0
-106.9406509;38.70185089;0
-107.2917023;37.78504944;0
-104.9253464;37.64664841;0.000196433
-106.3559723;40.6711998;0
-105.2227478;39.52190018;0
-107.9298477;37.31980133;0
-106.3563538;39.21784973;0
-104.1144714;37.40520096;0
-106.9188004;37.67615128;0
-108.1817017;40.61159897;0
-108.508049;37.31887436;0
-107.8392029;38.1147995;0
-105.7592468;39.13105011;0
-106.9298019;39.18225098;0
-108.0437012;39.93757629;0
-106.3744278;37.61555099;0
-107.0333481;40.46115112;0
-106.2238998;38.09704971;0
-107.7265472;37.80224991;0
-108.3899231;37.96450043;0
-106.1078033;39.64839935;0
-105.1373749;38.88880157;0
-73.40844727;41.32450104;0
-72.71914673;41.7975502;0
-73.20310211;41.75954819;0
-72.52964783;41.44984818;0
-72.92737579;41.40394974;0
-72.12760162;41.49459839;0
-72.30975342;41.81135178;0
-72.01877594;41.83140182;0
-82.35579681;29.6827507;0.001608522
-82.25440216;30.36014938;0
-85.69020081;30.24580002;0
-82.23262787;29.93052483;0
-80.717453;28.30644989;0
-80.47814941;26.14539909;0
-85.16120148;30.40360069;0.002478803
-81.96884918;26.90184975;0
-82.48885345;28.85510063;0
-81.8151474;29.95439911;0
-81.35962677;26.15979958;0
-81.81030273;27.18585014;0
-83.17375183;29.55597496;0
-81.71524811;30.34474945;0
-81.3131485;29.46559906;0
-84.78199768;29.82142448;0
-82.81447601;29.74710083;0.003582791
-81.21869659;26.98914909;0
-85.21295166;29.93959999;0
-81.80964661;27.49135017;0
-81.22309875;26.60560036;0
-82.36804962;28.56389999;0
-81.25244904;27.33909988;0
-82.35295105;27.90912437;0
-80.60154724;27.70885086;0
-83.84030151;30.37585068;0.008887643
-83.12352753;30.04125023;0.00287838
-81.654953;28.81122589;0
-81.9177475;26.55285072;0
-84.34625244;30.47929955;0
-82.78434753;29.28790092;0.000838266
-84.84470367;30.28874969;0
-82.40035248;27.42675018;0
-82.08760071;29.2378006;0
-80.48314667;27.10980034;0
-81.16349792;25.46039963;0
-81.74434662;30.55055046;0
-80.93887329;27.30080032;0
-81.26129913;28.56615067;0
-81.2594986;27.99477577;0
-80.45862579;26.64559937;0
-82.4306488;28.3247509;0
-82.72290039;27.8960495;0
-81.62439728;28.00225067;0
-81.74524689;29.58180046;0
-80.43975067;27.38184929;0
-87.04820251;30.67485046;0
-82.13269806;28.63607407;0
-83.65585327;29.98344994;0
-82.35534668;30.03289986;0
-81.20704651;29.01989937;0
-84.3946991;30.13647461;0
-82.42774963;31.56380081;0.007676785
-83.24324799;33.05754852;0
-83.50174713;34.34484863;0
-83.70314789;34.01192474;0
-83.69114685;32.8083992;0
-83.31855011;32.42810059;0.011500069
-83.97064972;33.31470108;0
-81.6664505;30.93995094;0
-85.07389832;33.61925125;0
-85.12245178;34.87779999;0.002889416
-82.15955353;30.71139908;0
-81.1174469;31.98114967;0
-84.81860352;32.38272476;0
-84.45835114;34.24295044;0
-83.39084625;33.94544983;0
-84.35150146;33.50059891;0
-82.69494629;30.88297462;0.000965352
-84.55719757;33.91025162;0
-82.23239899;33.52157593;0
-84.75624847;33.35105133;0
-83.95645142;32.69485092;0
-85.48445129;34.80479813;0
-84.15184784;34.47582626;0
-84.62057495;30.8845253;0
-84.74220276;33.69004822;0
-82.82089996;34.12265015;0
-84.23242188;34.80939865;0
-84.50644684;33.4041481;0
-84.10489655;34.19279861;0
-83.22515106;34.38010025;0
-84.40937042;33.84429932;0
-84.42434692;34.7016983;0
-82.59400177;33.2242012;0
-81.51605225;31.23349953;0
-83.18977356;33.55830002;0
-84.03775024;33.96025085;0
-83.51010132;34.62712479;0
-83.83914948;34.30609894;0.001190748
-83.01129913;33.27434921;0
-85.21179962;33.7791481;0
-84.93855286;32.72757339;0
-85.11634827;33.27875137;0
-84.13899994;33.47254944;0
-83.67745209;32.48735046;0.0066357
-83.58769989;34.13314819;0
-83.6984024;33.32894897;0
-83.58737183;33.01229858;0
-84.15579987;33.06710052;0
-84.13044739;31.76869965;0.018445906
-81.47805023;31.82209969;0
-82.43240356;33.8138504;0
-84.01454926;34.5719986;0
-83.18945313;34.13605118;0
-84.68084717;33.0340004;0
-83.91777802;33.02529907;0
-83.48120117;33.62604904;0
-84.76574707;34.78572464;0
-84.88764954;32.49150085;0
-83.86270142;33.55619812;0
-83.46130371;33.83200073;0
-83.02999878;33.870224;0
-84.88752747;33.92850113;0
-84.45574951;34.46844864;0
-84.38764954;33.08535004;0
-83.3513031;33.3274231;0
-85.02404785;31.88125038;0
-83.38147736;34.85829926;0
-82.103302;33.38802338;0
-84.0496521;33.65594864;0
-84.30594635;32.29282379;0.003728894
-84.3035965;33.26554871;0
-83.28205109;34.57320023;0
-84.85557556;32.07649994;0.003747002
-84.49479675;32.70069885;0
-82.84719849;33.58824921;0
-84.22754669;32.55960083;0.002483838
-83.74199677;34.89260101;0
-85.04904938;33.04639816;0
-83.96894836;34.81779861;0.002179895
-84.32814789;32.84154892;0
-85.29270172;34.7859993;0.002099288
-83.74424744;33.76340103;0
-82.61795044;33.43090057;0
-84.98329926;34.80187607;0
-82.71882629;33.79199982;0
-83.17667389;32.79354858;0
-116.5115509;44.85634995;0
-112.3122025;42.65399933;0
-111.3354263;42.29932404;0
-116.6811523;47.21855164;0
-112.2967758;43.24494934;0
-113.9973526;43.30445099;0
-115.631073;43.96549988;0
-116.5436478;48.36882401;0
-111.7811966;43.32324982;0
-116.5395966;48.75045013;0
-113.2460785;43.7594986;0
-114.7296982;43.52845001;0
-111.5887527;42.71924973;0
-113.6428223;42.33137512;0.000121764
-112.3051758;44.27024841;0
-115.524353;46.60914993;0
-114.3069;44.22200012;0
-111.8162537;42.21414948;0.000469621
-111.6010971;44.31740189;0
-115.5579529;45.88764954;0
-112.1607513;43.84090042;0
-116.6823502;47.67882538;0
-116.683548;46.83604813;0
-113.8152771;44.96360016;0
-116.3767471;46.23300171;0
-111.6871262;43.77560043;0
-116.7057724;46.24380112;0
-112.534874;42.25019836;0
-112.8106232;42.71947479;0
-116.0068588;47.49879837;0
-111.2220001;43.7425499;0
-115.4530258;44.67570114;0
-116.7665253;44.4958992;0
-86.2302475;39.19625092;0
-86.46495056;38.27125168;0
-85.90899658;38.2995491;0
-84.99445343;38.96592331;0
-84.99389648;38.81029892;0
-95.62460327;43.08375168;0
-98.67932129;37.23460007;0.002342145
-96.24465179;37.15069962;0.002191479
-96.24302673;37.45322418;0.010138423
-98.20494843;38.69647598;0.002182537
-96.67514801;39.30485153;0.00307604
-98.76274872;38.91507339;0.001589558
-94.75497437;39.09635162;0.025802563
-84.98335266;38.00844955;0
-83.69972229;36.76910019;0
-82.69945526;38.3716011;0
-83.26405334;37.51699829;0
-84.36910248;38.95740128;0.006186077
-83.05590057;38.3356514;0
-83.0842514;38.12950134;0
-82.75444794;37.51815033;0
-84.63105011;38.63814926;0
-82.91605377;38.5619545;0.005417353
-83.1901474;36.8430481;0
-83.99437714;37.41590118;0
-82.80860138;37.85820007;0
-84.52079773;38.94240189;0
-82.91854858;37.34930038;0
-82.75585175;38.07389832;0
-83.71430206;37.60537338;0
-83.36765289;37.10015106;0
-82.84580231;37.11657333;0
-84.50274658;36.77724838;0
-83.07565308;37.69049835;0
-83.60140228;37.93745041;0
-83.24340057;37.91395187;0
-84.8275528;38.53454971;0
-83.70694733;37.3898735;0
-83.27500153;37.22169876;0
-82.35050201;37.47040176;0
-83.81655121;37.82350159;0
-84.05715179;38.50839996;0
-83.47904968;37.74335098;0.003506823
-70.23999786;44.19710159;0
-68.30476379;46.51744843;0
-70.36630249;43.85200119;0
-70.3812027;45.06335068;0
-68.37825012;44.68455124;0
-69.75160217;44.41450119;0
-69.24015045;44.11790085;0
-69.53555298;44.07429886;0
-70.65885162;44.56790161;0
-68.64790344;45.51974869;0
-69.28512573;45.79195023;0
-69.87112427;43.91749954;0
-69.91004944;45.58877563;0
-69.15135193;44.50154877;0
-67.52940369;45.04085159;0
-70.65910339;43.43640137;0
-70.51000214;41.77000046;0
-73.22989655;42.39274979;0
-71.10990143;41.78844833;0
-70.64524841;41.39184952;0
-70.92590332;42.64659882;0
-72.62809753;42.52774811;0
-72.6013031;42.17060089;0
-72.63639832;42.3695488;0
-71.46009827;42.44660187;0
-70.02153778;41.31867599;0
-71.20200348;42.1542511;0
-70.80687714;41.96364975;0
-71.05549622;42.33945084;0
-71.89679718;42.36465073;0
-83.59294891;44.68405151;0
-86.49079895;46.4245491;0
-88.33525085;46.67910004;0
-84.4693985;45.49354935;0
-84.37090302;46.35115051;0
-84.61109924;44.68304825;0
-87.87014771;45.98479843;0
-89.70404816;46.43149948;0
-88.60997772;46.85285187;0
-88.55419922;46.17105103;0
-85.09044647;44.68489838;0.001671063
-88.11855316;47.3390007;0
-85.80259705;43.99100113;0
-85.55149841;46.49990082;0
-84.98999786;46.04007339;0
-86.27400208;43.99729919;0
-83.3864975;42.65980148;0.005909674
-86.26554871;43.64350128;0.029488769
-89.37519836;46.68190002;0
-84.12934875;44.68185043;0
-84.61074829;44.33584976;0
-85.5271759;41.91524887;0
-83.21105194;42.23984909;0.005851583
-93.43254852;46.5923996;0
-95.00789642;47.97489929;0.000561317
-92.67780304;46.59329987;0.000908082
-94.28079987;46.87822342;0.002633079
-90.27330017;47.85549927;0
-94.92085266;47.10834885;0.01930978
-93.73735046;47.46205139;0
-93.75554657;48.27885056;0
-91.4102478;47.57300186;0
-94.88539886;48.87535095;0
-93.10585022;45.00650024;0
-91.40457153;31.47050095;0
-90.8214035;31.17402458;0
-89.27092743;33.32089996;0
-88.67275238;32.02705002;0
-90.42919922;31.8675251;0
-89.5773468;31.61535072;0
-89.29502869;31.17180061;0
-90.89505005;31.46637535;0
-88.63369751;31.21665001;0
-89.50630188;30.41394997;0
-89.09137726;30.49440002;0
-88.63925171;30.52734947;0
-89.11669922;32.01309967;0
-91.02687836;31.74169922;0.00571584
-89.78130341;31.58209991;0
-89.17234802;31.62895012;0
-88.63142395;32.75284958;0
-89.50125122;31.20804977;0
-88.65190125;32.40110016;0
-90.10185242;31.54490089;0.006168288
-89.52410126;32.75394821;0
-90.49060059;31.52490044;0
-89.84694672;31.21655083;0
-89.11689758;32.7541008;0
-89.11820221;32.40019989;0.00405472
-88.87924957;33.42557526;0
-89.59155273;30.73460007;0
-88.98995209;31.1718502;0
-90.40382385;31.17480087;0
-89.03530121;34.22702408;0
-89.52384949;32.00284958;0
-89.11319733;30.77894974;0
-88.2315979;34.72940063;0
-90.04820251;31.17539978;0
-88.69644928;31.66360092;0
-91.34770203;31.18090057;0
-89.06620026;33.10264969;0
-92.7440033;38.04862595;0
-90.94360352;36.95589828;0
-93.2562027;36.95349884;0
-91.31465149;37.95434952;0
-93.01860046;37.65950012;0
-91.48100281;37.60345078;0
-92.49884796;36.93235016;0
-93.31945038;37.93785095;0.005487545
-91.88782501;36.77724838;0
-90.65872192;37.5054512;0
-92.57250214;39.82184982;0
-91.39714813;36.69260025;0
-92.44204712;36.65174866;0
-91.77700043;37.87614822;0
-93.40264893;37.62324905;0.004168628
-92.21720123;37.8118515;0
-91.02390289;37.32699966;0
-91.33719635;37.15325165;0
-93.11109924;40.20954895;0
-91.95040131;37.32695007;0
-94.33724976;37.84989929;0
-90.44490051;37.11935043;0
-90.23964691;38.65219879;0
-112.7058029;45.14937592;0
-107.481102;45.51874924;0
-108.8939972;48.36724854;0
-111.4241028;46.29795074;0
-104.5386505;45.56755066;0
-111.3413239;47.26119995;0
-110.470047;47.86149979;0
-105.5618515;48.78144836;0
-113.0370026;46.01335144;0
-104.4747467;46.2826004;0
-109.2624283;47.24762344;0
-113.9546967;48.29869843;0
-111.2937469;45.3396492;0
-107.0269012;47.40224838;0
-113.1252975;48.65439987;0
-109.2164993;46.39837646;0
-113.4565735;46.38555145;0
-110.1094742;48.56634903;0
-112.1176529;46.15890121;0
-110.2654037;47.0522995;0
-112.3191528;47.18754959;0
-111.0752487;48.56534958;0
-115.3313522;48.45257568;0
-105.8076248;47.59537506;0
-110.9649277;46.63619995;0
-115.0840988;47.09685135;0
-114.0493011;47.11702347;0
-108.3947983;46.44437408;0
-110.4215469;45.59757614;0
-108.2809982;47.17174911;0
-108.0382996;48.22529984;0
-112.3781509;48.23410034;0
-105.6296997;45.39112473;0
-112.8842239;46.93304825;0
-114.0395966;46.08055115;0
-115.1170502;47.69347382;0
-104.5515976;48.69464874;0
-112.6369476;45.9021492;0
-109.8569489;45.69857407;0
-112.2117996;47.81774902;0
-111.7310028;48.60924911;0
-106.6090469;48.33100128;0
-109.8346481;46.48582458;0
-104.3249512;47.01900101;0
-101.746048;41.91927338;0
-101.1335983;41.91630173;0
-100.5554276;41.91415024;0
-114.9714966;35.92777634;0
-119.6593475;38.82424927;0
-115.5318985;41.05950165;0
-117.7955475;37.7228508;0
-116.2046967;40.08095169;0
-118.1675262;41.26435089;0
-117.191597;40.04764938;0
-114.9716492;37.75970078;0
-119.2242966;39.06900024;0
-118.4232483;38.48384857;0
-116.5979233;37.58380127;0
-118.3183517;40.48004913;0
-119.4953003;39.43915176;0
-119.5870514;40.58157349;0
-114.9759521;39.40295029;0
-119.7768021;39.16794968;0
-71.44470215;43.52289963;0
-71.26374817;43.88399887;0
-72.23245239;42.94684982;0
-71.38804626;44.69580078;0
-71.83995056;43.96749878;0
-71.6536026;42.95195007;0
-71.6480484;43.31024933;0
-71.07785034;43.00579834;0
-71.03430176;43.32672501;0
-72.19429779;43.36460114;0
-74.64785004;39.51102448;0.001392429
-74.08364868;40.95287323;0
-74.93859863;39.80039978;0
-74.75279999;39.12770081;0
-74.24375153;40.79185104;0
-74.07552338;40.72880173;0
-74.28109741;40.27539825;0.008608086
-74.29260254;39.83647537;0.000982272
-74.30960083;41.01110077;0
-74.29985046;40.66579819;0
-106.672699;35.0442009;0
-108.3785019;33.89094925;0
-108.0557404;34.96300125;0
-104.6909485;36.60699844;0
-104.4189529;34.38734818;0
-108.3271484;32.53644943;0
-104.7184525;34.78177643;0
-103.8998489;35.80390167;0
-108.6283035;32.05485153;0.001133682
-105.6285477;33.73934937;0
-106.2854996;35.86100006;0
-107.7626266;32.1943512;0
-105.028923;36.01707458;0
-105.6120224;32.69540024;0
-103.5849991;35.17235184;0
-106.5782013;36.46559906;0
-104.6791534;35.45624924;0.000168494
-106.9350967;35.71730042;0.003627118
-108.2326736;36.50025177;0
-105.9814987;35.52114868;0
-107.1699982;33.04285049;0
-106.8250504;34.02774811;0
-105.6388016;36.50445175;0
-106.8076477;34.69778061;0
-73.84854889;40.85172653;0
-73.8221283;44.14559937;0
-74.15924835;42.28039932;0.002412196
-74.45729828;43.66744995;0
-73.94519806;40.65179825;0
-73.60234833;40.75260162;0
-73.97149658;40.78070068;0
-73.75704956;41.42414856;0
-73.83159637;40.67869949;0
-74.15164948;40.57379913;0
-74.06137848;41.16104889;0
-73.82679749;43.52109909;0
-73.73255157;41.12120056;0
-81.1276474;36.46794891;0
-81.48797607;36.41405106;0
-81.91535187;36.09894943;0
-82.5298996;35.62105179;0
-83.74434662;35.07377625;0
-75.74755096;35.71232605;0.000814693
-78.85949707;36.05110168;0
-81.20539856;35.28435135;0
-83.81204987;35.34825134;0
-83.00045013;35.54124832;0
-83.13504791;35.25844955;0
-82.05055237;35.74354935;0
-83.42340088;35.16220093;0
-80.80020142;35.25975037;0.00059379
-82.12619019;35.99034882;0
-79.89865112;35.32704926;0
-77.97650146;35.96649933;0.007519388
-77.87284851;34.1515007;0.003927261
-77.88760376;34.5081749;0.019561085
-82.16300201;35.29359818;0
-79.76750183;34.99425125;0.001813104
-81.97910309;35.39545059;0
-83.56559753;35.48730087;0
-78.40100098;36.3593483;0
-81.68689728;36.25114822;0
-82.31954956;35.88845062;0
-102.4799728;48.77280045;0.000991138
-101.5606537;46.37060165;0
-102.377449;48.14899826;0.000771
-100.8879623;46.18597412;0
-80.96994781;40.01134872;0.002907788
-81.67279816;41.4531517;0
-80.77490234;40.37685013;0.005721906
-81.24569702;41.71155167;0
-82.55180359;38.63124847;0.004121241
-81.07044983;39.7045517;0.003429995
-81.46595001;39.76839828;0.005090852
-94.64015198;35.89994812;0
-98.32415009;36.73099899;0.000721168
-96.03939819;34.4184761;0.00063887
-99.68015289;35.26914978;0
-98.42142487;35.85829926;0.000673179
-97.9917984;35.52555084;0
-97.24759674;34.28889847;0
-95.03072357;35.89994812;0
-96.30255127;34.59289932;0
-98.39994812;34.28889847;0.000736287
-96.32595062;35.90117645;0
-94.78714752;36.41590118;0
-99.00630188;35.98849869;0.000468689
-97.78244781;36.37919998;0
-99.56729889;34.92077637;0
-99.46424866;34.57804871;0
-97.83760071;34.06980133;0
-96.66999817;34.31019974;0
-99.01010132;34.85587311;0
-95.22112274;34.86944962;0
-94.74639893;34.94704819;0
-97.24770355;33.89424896;0
-94.80870056;34.06147385;0.001684137
-97.08944702;34.48467636;0
-96.30284882;35.46440125;0.003001152
-96.52845001;36.58005142;0
-96.6371994;36.35957336;0
-95.72045135;34.94704819;0.000837519
-96.66934967;34.73474884;0.00086849
-95.35800171;34.41880035;0
-99.68190002;35.71720123;0
-96.6086731;35.1711998;0
-97.85189819;34.48540115;0
-96.02950287;36.13970184;0
-98.99445343;36.69649887;0
-99.2805481;36.4836998;0
-117.6473007;44.66842651;0
-123.4700012;44.49855042;0
-122.2734756;45.17369843;0
-123.6898727;46.02154922;0
-123.0618515;45.94512558;0
-124.0898514;43.13909912;0
-120.3807983;44.13087463;0
-124.1501465;42.47510147;0
-121.4049606;44.0019989;0
-123.1011734;43.32374954;0
-120.2055511;45.43894958;0.000908377
-118.947525;44.47832489;0
-119.0666275;43.01990128;0
-121.6801529;45.49224854;0
-122.7553024;42.49987411;0
-121.105751;44.60797501;0
-123.6135254;42.38954926;0
-121.5835037;42.80512619;0
-120.3543472;42.80550003;0
-122.9735031;43.86312485;0
-122.5245972;44.49914932;0.000340833
-122.8246231;44.97919846;0
-122.0274048;45.58084869;0
-123.3960037;44.89825058;0
-120.6918716;45.41025162;0
-123.6558533;45.41415024;0
-117.9807968;45.40882492;0
-117.22435;45.5401001;0
-121.0860977;45.26345062;0
-123.1134033;45.54875183;0
-120.0722504;44.68785095;0
-123.324501;45.25462341;0
-75.4041214;39.93379974;0
-75.35624695;40.21194839;0.020051954
-75.12809753;40.00175095;0
-71.28504944;41.71282578;0
-71.5582962;41.68199921;0
-71.26744843;41.56900024;0
-71.55899811;41.87155151;0
-71.63842773;41.47809982;0
-82.49060059;34.24890137;0
-80.71829987;32.39260101;0
-79.85972595;32.85414886;0
-81.62072754;35.01129913;0
-81.17700195;34.68239975;0.001345776
-81.09752655;34.38774872;0
-82.45475006;34.84095001;0
-82.10234833;34.18164825;0
-81.05370331;32.39944839;0.002143282
-80.65799713;34.76725006;0.001565375
-81.9789505;34.49404907;0
-83.07460022;34.76404953;0.001124262
-82.71105194;34.86605072;0
-81.63582611;34.69507599;0
-103.4024734;43.66695023;0.000200618
-103.5274734;43.23947525;0.000898061
-103.4925766;45.57907486;0
-101.6011276;43.69165039;0.00016719
-103.7537537;44.37267685;0
-100.5313721;44.47392654;0
-84.1914978;36.09024811;0
-84.13929749;36.38650131;0
-82.13665009;36.30554962;0
-85.54489899;36.5149498;0
-83.10250092;35.94794846;0
-86.7854538;36.1868515;0
-85.21019745;35.22100067;0
-83.15135193;36.49634933;0
-87.74729919;36.27285004;0
-85.66275024;36.36687469;0
-83.96837616;35.99570084;0
-87.49620056;35.52880096;0
-84.3585968;35.75379944;0
-84.625;36.14165115;0
-85.2901001;36.33819962;0
-85.152771;36.51677322;0
-84.52424622;35.84654999;0
-84.51734924;36.38335037;0
-83.52435303;35.80052567;0
-82.41862488;36.11505127;0
-83.83644867;36.2969017;0
-85.42814636;35.67504883;0
-95.66259766;31.79409981;0
-102.6375504;32.30502319;0
-94.56614685;31.27625084;0
-97.02494812;28.07519913;0
-98.68710327;33.61560059;0
-101.3571243;34.9654007;0
-102.8309021;34.0686264;0.007182257
-99.19094849;29.7622757;0
-99.21405029;33.61572647;0
-98.35829926;30.21980095;0
-101.4319;32.74485016;0
-97.64064789;31.89565086;0.002053469
-95.46459961;29.20622444;0.002817549
-103.0609512;29.81615067;0
-101.2077026;34.53020096;0
-98.2539978;27.02280045;0
-98.93454742;31.76989937;0
-98.14147186;30.73040009;0
-99.37227631;32.29724884;0
-94.93579865;32.98905182;0.00949319
-94.34822845;33.08644867;0
-94.66664886;29.70770073;0.002346448
-95.16365051;31.78204918;0
-100.207222;34.53002167;0
-98.20024872;33.80965042;0
-102.8248978;33.60649872;0
-100.5299988;31.88949966;0
-99.45880127;31.76062584;0
-100.2699509;34.96500015;0
-98.32219696;29.81595039;0.003617864
-98.5401535;31.97444916;0.000833164
-99.85814667;31.33349991;0
-100.2575989;34.07462311;0
-102.5338287;31.36879921;0
-101.6750488;30.68704987;0
-101.3006516;33.61437607;0.000868528
-104.4718018;31.33200073;0
-96.7772522;32.76689911;0.007638415
-101.9468994;32.74212646;0
-97.11599731;33.20745087;0.031015411
-97.36564636;29.09869957;0.007385711
-100.7787781;33.61634827;0
-99.7559967;28.42194939;0.001408811
-98.51730347;27.65992546;0.000697268
-98.79644775;32.29650116;0
-102.5426483;31.86902428;0
-100.2270966;29.95605087;0
-96.73482513;32.30049896;0.003855702
-98.2039032;32.21495056;0.000287666
-100.4012985;32.74185181;0
-99.76119995;33.98775101;0
-95.21682739;33.17570114;0
-96.14179993;31.71199989;0
-102.6334;32.74095154;0
-94.97724915;29.31710052;0
-101.2976227;33.17910004;0
-98.94550323;30.31679916;0.001914359
-101.5197983;31.86919975;0
-94.78237152;32.51554871;0
-95.98842621;30.54439926;0.003150202
-100.680603;34.53020096;0
-98.11454773;31.71705055;0
-99.7364502;34.32125092;0
-94.40094757;30.31979942;0
-94.37245178;32.5617981;0
-99.73075104;33.17699814;0
-98.00279999;30.05425072;0.007837048
-100.2701721;35.83750153;0
-95.9408493;32.18235016;0
-102.3449478;33.60672379;0
-97.84182739;32.39775085;0
-95.58544922;33.16884995;0
-101.4341965;32.30590057;0
-105.4522018;31.31575012;0
-100.9813004;31.30380058;0
-98.17230225;33.23455048;0
-93.99437714;30.69985008;0
-104.2106018;30.75855064;0
-94.13500214;29.8641243;0.001210503
-98.68585205;27.07027435;0
-99.87879944;32.73675156;0
-98.6671524;29.92939949;0
-97.63665009;26.94034958;0
-100.7776718;33.17869949;0
-99.33719635;30.03569984;0
-99.70887756;30.4986496;0
-100.2545013;33.6162262;0
-100.4529037;29.35384941;0
-97.64074707;27.42205048;0.007534703
-99.73404694;33.61642456;0
-99.10427856;28.33855057;0.00087776
-95.58294678;33.66025162;0
-96.00875092;31.31147575;0
-98.65679932;30.70375061;0
-103.6527023;31.82589912;0
-101.8208466;33.60960007;0
-101.8158264;33.17734909;0
-99.34725189;31.21725082;0
-97.20290375;31.55355072;0
-98.56867218;28.35415077;0
-95.92925262;30.95800018;0
-101.9496002;32.30585098;0
-99.79969788;30.89900017;0
-102.03125;31.86910057;0
-98.6269989;31.47775078;0
-100.922699;32.30657578;0
-97.73169708;33.70199966;0
-95.46330261;30.33665085;0
-94.73574829;33.1216011;0
-100.7790985;34.07344818;0
-94.63574982;31.53520012;0
-93.73200226;30.7139492;0
-100.4054031;32.30334854;0
-102.6020966;35.40530014;0
-93.90879822;30.05464935;0
-98.31572723;32.75960159;0
-94.30705261;32.18294907;0
-97.80535126;32.7792511;0
-102.6782532;30.71190071;0
-94.8690033;30.81780052;0
-101.8946991;35.401474;0
-104.3859482;29.94574928;0
-95.79035187;32.85012436;0
-101.8955536;34.96530151;0.001537843
-101.5211029;31.36517525;0
-99.81414795;29.85284996;0
-95.02262878;33.63047409;0.012795426
-103.5560989;31.38145065;0
-97.1651001;28.30694962;0.030227146
-100.8125;35.83847427;0.003719876
-96.40775299;32.89749908;0.031543598
-99.97470093;31.82970047;0
-94.7193985;32.12009811;0
-93.82225037;31.36425018;0
-94.19139862;31.37594986;0
-95.10334778;30.62540054;0
-98.76584625;31.2010994;0
-100.5386963;30.89690018;0
-100.9145966;32.7458992;0
-99.35377502;32.73574829;0
-94.17275238;31.77395058;0
-95.28959656;32.41109848;0
-97.78005219;32.20289993;0
-98.74485016;26.5177002;0.000383273
-98.83550262;32.73592377;0
-101.0443497;31.82169914;0
-100.2555237;33.17805099;0
-100.538002;30.49880028;0
-97.29105377;32.77119827;0
-99.89035034;32.30149841;0
-102.1132736;30.21805;0
-102.3345718;33.17317581;0
-99.21140289;33.17774963;0
-94.96704865;33.18842316;0
-95.1385498;31.10564995;0
-94.36170197;30.79224968;0
-94.92735291;32.71295166;0
-102.0460968;31.36560059;0
-101.2298508;29.76515007;0
-95.76255035;32.59659958;0
-95.59480286;30.78100014;0.003174805
-103.1884003;31.47260094;0
-96.44002533;30.21184921;0.004103608
-99.50489807;27.7322998;0
-100.2690506;35.40119934;0
-97.61370087;26.46224976;0.002356791
-103.0624008;31.86907578;0
-97.65180206;33.21250153;0
-95.40850067;32.7806015;0
-102.8289261;33.17347336;0
-98.68710327;33.17532349;0
-99.20379639;26.94470024;0
-99.76074982;28.86569977;0.005294652
-109.5239716;40.8273735;0
-111.3074036;37.84489822;0
-109.6030502;38.99879837;0
-111.7737503;37.27214813;0
-111.5625;41.08477402;0
-112.1426468;38.32884979;0
-111.2778015;41.56964874;0
-111.9059525;40.67369843;0
-110.2266464;37.74909973;0
-110.8199997;40.91557312;0
-113.1057739;40.49005127;0
-111.2419968;40.28915024;0
-113.4753494;37.30905151;0
-110.8664474;38.3301506;0
-73.08959961;44.02835083;0
-73.05139923;43.02674866;0
-72.13600159;44.4632988;0
-73.0828476;44.44200134;0
-71.73535156;44.68090057;0
-72.89167786;44.82440186;0
-73.2901535;44.78850174;0
-72.64649963;44.5998497;0
-72.41480255;43.99610138;0
-72.22814941;44.77590179;0
-73.06140137;43.57500076;0
-72.58535004;44.25944901;0
-72.72045135;42.99470139;0
-72.59455109;43.59189987;0
-79.96520233;37.78377533;0.001757079
-79.15254974;37.59894943;0
-77.10894775;38.88755035;0
-79.7492981;38.0522995;0
-82.02719879;37.28860092;0
-80.23674774;37.48815155;0
-82.35150146;37.12590027;0
-77.20651245;38.83769989;0
-80.71555328;37.30687332;0
-78.47525024;38.3301506;0
-79.75827026;36.69889832;0
-79.55404663;38.38589859;0
-78.90809631;37.79470062;0
-79.87618256;37.26774979;0
-82.09384918;36.92584991;0
-78.19975281;38.89759827;0.005118156
-82.58850098;37.00125122;0
-76.56755066;37.23744965;0
-77.20651245;38.83769989;0
-79.87618256;37.26774979;0
-117.1966019;46.22919846;0
-119.4205017;46.28205109;0
-120.5125732;47.89955139;0
-123.8416519;48.13022614;0
-117.9219513;46.31209946;0
-122.7273026;46.11940002;0
-119.6288757;47.66785049;0
-118.4929276;48.43717575;0
-117.5451508;46.34407425;0
-123.7559509;47.16247559;0
-122.6033173;48.16009903;0
-123.6296005;47.82139969;0
-122.7356262;47.63914871;0
-120.682724;47.16682434;0
-120.7379532;45.82595062;0
-122.3979034;46.58914948;0
-118.3983536;47.60914993;0
-123.1514282;47.3451004;0
-119.8595505;48.47202682;0
-123.7262497;46.5177002;0
-117.3296967;48.52299881;0
-122.1117477;47.06850052;0
-122.9624481;48.56072617;0
-121.8820038;45.96865082;0
-117.4302521;47.65370178;0
-117.9016724;48.41287613;0
-122.7014008;46.97845078;0
-123.4692001;46.26615143;0
-118.5158005;46.30067444;0
-117.6288528;46.84270096;0
-80.01875305;39.12319946;0
-81.71309662;37.99900055;0
-80.74144745;38.70555115;0
-80.5997467;40.27980042;0
-82.27365112;38.41384888;0
-81.13179779;38.82585144;0
-81.05110168;38.46554947;0
-80.72109985;39.2730484;0
-81.06500244;38.04114914;0
-80.81994629;38.91350174;0
-79.23370361;39.07049942;0
-80.4213028;37.97660065;0
-78.6638031;39.31389999;0
-80.59349823;40.51670074;0
-80.38150024;39.28509903;0
-81.70680237;38.82645035;0
-81.55484772;38.29778671;0
-80.51464844;38.94725037;0
-82.05470276;38.15930176;0
-81.89914703;37.83480072;0
-80.21679688;39.51160049;0
-80.69047546;39.8769989;0
-81.10590363;37.41360092;0
-78.96514893;39.43315125;0
-82.10825348;37.74335098;0
-80.09324646;39.57844925;0
-80.53994751;37.55189896;0.002640641
-78.24555206;39.53824997;0
-80.83409882;38.30270004;0
-80.62550354;40.10039902;0
-79.35340118;38.68460083;0.002462851
-81.18979645;39.36285019;0
-79.99420166;38.3818512;0
-81.88064575;38.47592545;0
-81.24150085;37.74874878;0
-79.81510162;38.75194931;0
-81.0556488;39.1922493;0
-81.31529999;38.72014999;0
-80.87750244;37.64844894;0
-80.04850006;39.34524918;0
-79.57324982;39.11780167;0
-80.87020111;39.45055008;0
-80.22667694;38.90465164;0
-82.43460083;38.13857651;0
-80.43090057;38.48244858;0
-80.66999817;39.57524872;0
-81.37197876;39.04090118;0
-81.49810028;39.20055008;0
-81.53919983;37.60660172;0
-90.61440277;46.34104919;0
-91.16145325;46.55722427;0
-91.92195129;46.4565506;0
-88.37110138;45.86370087;0
-88.73664856;45.72534943;0
-90.23970032;46.28457642;0
-89.5454483;45.68199921;0
-89.48815155;46.07839966;0
-105.7952728;41.74229813;0
-105.5462265;44.24772644;0
-106.9998779;41.71694946;0
-105.4845505;42.89442444;0
-104.5715027;44.58840179;0
-108.7768478;43.13479996;0
-108.4534988;43.76967621;0
-106.6884537;44.02774811;0
-110.5459976;42.44677353;0
-106.8064499;42.96617508;0
-104.4781494;43.0461998;0.000297527
-106.9599991;44.77902603;0
-109.8338776;42.8641243;0
-108.77845;41.63399887;0
-110.5525513;43.95159912;0
-110.5467758;41.2873497;0
-104.5677032;43.83959961;0
-79.51689911;37.32115173;0.136066763
-79.91410065;37.00320053;0.355538922
-96.67050171;44.02225113;0.306985683
-97.75624847;43.33387375;0.272584951
-98.14459991;43.67520142;0.183004547
-97.490448;44.36967468;0.159535766
-76.29844666;40.01839828;0.117221251
-76.41539764;40.37530136;0.111835378
-77.7766037;40.00479889;0.042305226
-78.22190094;42.69475174;0.027407195
-94.05590057;45.6916008;0.201684506
-100.0701523;45.42024994;0.046137028
-100.8709259;37.56217575;0.296603564
-74.42404938;42.91009903;0.037439479
-75.62664795;38.39447403;0.047747413
-78.18515015;42.9978981;0.071783105
-94.20845032;46.06135178;0.104351934
-87.57039642;44.5019989;0.091659614
-94.59339905;45.52904892;0.1900074
-97.71869659;47.4557991;0.066241086
-114.839447;42.9239006;0.008980131
-81.88874817;40.82934952;0.12829516
-81.93495178;40.55614853;0.090132154
-88.0075531;44.46030045;0.091915242
-120.9292984;37.60620117;0.001882795
-73.44345093;43.37464905;0.01402704
-103.8069992;40.26269913;0.079014829
-97.78714752;43.67490005;0.247981645
-77.08255005;40.97790146;0.057225397
-76.50295258;43.01860046;0.082049396
-75.88829803;39.54389954;0.107499499
-88.22290039;44.06784821;0.141183873
-77.23970032;40.13660049;0.054244597
-89.42377472;43.07009888;0.21658596
-120.6414032;37.18704987;0.006157029
-87.78025055;44.10962677;0.100375298
-79.20079803;39.46244812;0.052092762
-78.85545349;38.52819824;0.016521765
-114.2736969;42.67364883;0.002865347
-77.07855225;40.76377487;0.064160628
-75.61250305;40.60295105;0.144684273
-86.02729797;42.98675156;0.115188279
-97.4878006;27.77702522;0.046361657
-77.87619781;39.31275177;0.078300243
-102.3577499;40.59415054;0.149973823
-91.68160248;44.01990128;0.17788001
-121.2508011;37.89110184;0.052482348
-94.89949799;46.0713501;0.095871107
-98.09037781;44.02327347;0.169428042
-78.76550293;43.19697571;0.076190362
-97.60175323;30.65670013;0.153359548
-78.36840057;40.49295044;0.01812714
-75.33239746;40.75249863;0.120385233
-76.19155121;43.01224899;0.051062746
-119.8937988;36.13874817;0.003931552
-75.74894714;39.98160172;0.0607663
-87.92772675;43.36762619;0.08218366
-88.52249908;43.74034882;0.168589451
-88.22924805;43.36782455;0.095384964
-92.47022247;44.7011261;0.183220871
-90.6187973;44.72795105;0.070693215
-83.03820038;43.87039948;0.184917874
-118.7862473;36.26660156;0.00097171
-77.58384705;40.61085129;0.043628296
-91.1140976;45.89749908;0.072828316
-88.7045517;43.41410065;0.218007605
-76.52144623;41.77199936;0.013443255
-80.90254974;35.78229904;0.008144101
-98.56402588;43.71910095;0.061116171
-96.56945038;33.19329834;0.065076514
-82.501297;36.26679993;0.010055622
-75.98529816;40.40707397;0.070404189
-116.7490997;43.58549881;0.038418656
-94.94725037;46.5870018;0.051399948
-80.66020203;36.16659927;0.037252272
-88.58339691;39.06354904;0.308778985
-75.61994934;42.95365143;0.025729576
-98.01625061;27.65914917;0.039581213
-76.06954956;42.59925079;0.013446913
-99.34745026;39.7846489;0.016044086
-88.05265045;38.41289902;0.274763886
-77.13542175;42.61175156;0.04665696
-75.91560364;44.03570175;0.013387243
-100.4766464;40.17657471;0.084376962
-77.92549896;38.5033989;0.025426509
-79.41112518;42.28424835;0.013535144
-93.59417725;44.67630005;0.168656078
-75.48214722;43.23970032;0.024093964
-93.28585052;45.94509888;0.043160517
-93.43184662;39.41094971;0.170482353
-76.32620239;42.20422363;0.006928512
-88.6446991;44.06855011;0.146067992
-77.50330353;40.47864914;0.035113256
-77.96724701;40.40240097;0.015195069
-73.64150238;42.2439003;0.015484168
-96.96547699;30.78384972;0.087906089
-79.91410065;37.00320053;0.004289605
-78.12239838;39.9435997;0.013926343
-88.73345184;44.80720139;0.104951522
-85.09377289;44.33705139;0.01681738
-90.13334656;43.00954819;0.115957754
-76.47154999;42.44490051;0.027898855
-97.10614777;31.9877491;0.059424228
-79.03829956;40.0033493;0.02079146
-75.47944641;43.81880188;0.004900347
-88.05419922;42.58107376;0.184409706
-74.98329926;40.84315109;0.077716769
-92.8830719;45.02140045;0.088556293
-97.52014923;28.0115242;0.038630449
-97.6101532;44.02199936;0.150677666
-92.52014923;45.46887589;0.08977046
-77.35749817;42.28955078;0.019073486
-75.02324677;42.61135101;0.008569755
-101.7837524;37.5632515;0.133501838
-78.03645325;38.25094986;0.026979075
-101.0414734;40.17652512;0.053694914
-75.59320068;42.4701004;0.006638826
-103.3908005;34.62827682;0.007223763
-94.80390167;30.19034958;0.019671375
-92.08083344;44.54589844;0.152698252
-90.78974915;43.57695007;0.095731063
-104.3121033;40.50102615;0.027786823
-90.38230133;39.31999969;0.381497542
-97.73245239;28.40997505;0.040654044
-73.68309784;44.72014999;0.00676765
-91.84752655;45.4233017;0.109014997
-78.79982758;42.76480103;0.009875887
-98.62909698;44.0658493;0.050421298
-116.7169037;43.97634888;0.018787421
-81.06005096;36.91790009;0.001686491
-95.7568512;29.52535057;0.031798797
-86.09747314;35.17549896;0.064808303
-76.86329651;42.39025116;0.107722138
-74.0583725;42.83314896;0.011555095
-81.36775208;40.81159973;0.067800361
-77.99024963;39.12194824;0.024770694
-91.47405243;43.6739769;0.139066725
-90.64234924;43.94329834;0.077537829
-106.3127975;31.69482422;0.057851284
-77.06900024;37.70434952;0.059565951
-102.6047974;39.30607605;0.061824057
-90.43157196;43.35945129;0.072234306
-82.53215027;40.77280045;0.088992815
-78.68492126;42.26824951;0.006799443
-99.89189911;37.69052505;0.062016386
-89.76987457;44.90084839;0.063209565
-78.27410126;38.43054962;0.022847831
-85.55059814;43.03134918;0.065882068
-81.88569641;31.57670021;0.015512053
-76.77980042;42.78255081;0.001803601
-74.35434723;41.38750076;0.004593674
-76.77915192;40.38904953;0.043428392
-92.45302582;45.03414917;0.12703252
-82.50330353;35.32265091;0.007937834
-93.62020111;45.90295029;0.051678068
-76.00225067;41.51464844;0.010227845
-93.88839722;45.20019913;0.16340333
-119.78125;37.27455139;0.00409671
-99.10482788;43.71709824;0.014690888
-85.80059814;43.5542984;0.035057338
-88.46472168;44.41635132;0.134694069
-91.16725159;43.90245056;0.100775279
-81.2023468;36.21879959;0.002476261
-97.49185181;31.03610039;0.104538227
-77.759552;40.97219849;0.023842469
-93.82922363;45.40304947;0.106721293
-75.74472809;42.20664978;0.004863332
-75.19329834;44.52740097;0.007313633
-76.00350189;39.23550034;0.044635772
-87.97914886;42.3240509;0.045384976
-121.9621506;38.61965179;0.028836095
-85.28504944;37.11790085;0.011137671
-77.28659821;42.80547333;0.062802616
-77.24289703;41.7717514;0.008544803
-81.17359924;35.9123497;0.002402183
-84.86039734;37.82440186;0.013699586
-76.32319641;39.51015091;0.010851364
-77.8309021;38.71165085;0.016834693
-101.3326721;47.13880157;0.006262785
-77.21365356;39.89474869;0.062799273
-100.4394989;37.73867416;0.138824951
-93.98370361;39.65705109;0.07424186
-80.72145081;37.06190109;0
-80.06504822;42.05924988;0.038772679
-73.52604675;42.70397568;0.015291455
-78.47174835;40.02460098;0.017557737
-99.01667786;43.24895096;0.030298593
-89.53410339;44.46474838;0.070924954
-78.01644897;42.25987625;0.006218332
-97.9720993;29.61750031;0.050535056
-83.71700287;38.35639954;0.011133993
-81.54940033;36.82624817;0
-75.85945129;38.88904953;0.03848701
-84.21035004;38.21929932;0.018229077
-83.00710297;30.15925026;0.005226208
-121.4436493;38.38034821;0.038833946
-79.13085175;38.18212509;0.01304284
-92.71677399;46.07474899;0.016720823
-121.7280273;48.82182312;0
-92.45829773;45.8987999;0.024725509
-75.80505371;41.82020187;0.002658411
-81.19722748;41.53134918;0.015870411
-77.45944977;37.77330017;0.039667428
-79.40384674;36.83570099;0.004506778
-78.02719879;39.44200134;0.014596438
-85.95294952;36.94615173;0.026732794
-80.20490265;33.69269943;0.090063569
-96.15104675;38.45500183;0.03195259
-87.89369965;41.46519852;0.219736481
-81.48870087;40.4334259;0.039641989
-101.8924484;35.8376503;0.112021486
-93.76634979;44.80807495;0.251634971
-101.3077469;37.56207657;0.095403664
-77.03929901;43.17802429;0.063616127
-94.83174896;38.89780045;0.029822455
-75.10424805;40.32844925;0.043990171
-88.04454803;42.72717667;0.184347793
-97.7710495;30.3240509;0.023217174
-74.959198;43.46089935;0.004982285
-88.30259705;43.0190506;0.084933763
-83.27459717;36.1875;0.014554741
-84.6006012;42.9442482;0.155577381
-95.28250122;38.56432343;0.068343208
-79.45165253;40.85025024;0.025088695
-77.9457016;37.34529877;0.008758408
-78.70259857;40.484375;0.020439086
-116.2430496;43.46039963;0.002517796
-84.23077393;30.87730026;0.050478041
-90.79149628;42.85800171;0.170291197
-73.97104645;42.60485077;0.004477505
-89.73590088;45.33752441;0.006368165
-97.65032196;39.82785034;0.076338675
-84.12680054;44.33485031;0.021597554
-85.70760345;36.72847366;0.00425093
-97.08719635;39.78412628;0.019303864
-79.78990173;36.07835007;0.006496181
-85.05535126;37.00659943;0.019105234
-85.32575226;43.98934937;0.010490653
-100.7012024;43.94284821;0.003863908
-99.8376236;48.77217484;0.010734667
-84.84604645;37.62459946;0.006871908
-77.29364777;40.40274811;0.02371188
-85.44764709;35.93529892;0.004979022
-91.29419708;45.07412338;0.096184298
-80.80290222;41.0170517;0.044024684
-101.5264969;44.37115097;0.001551322
-89.38339996;43.81245041;0.091590924
-82.29940033;31.71859932;0.008603567
-86.1256485;43.2947998;0.03345233
-77.76415253;42.72977448;0.066244285
-81.23925018;35.48495102;0.00418354
-81.96920013;36.76150131;0
-102.3358994;41.11222458;0.049017936
-83.08580017;39.07284927;0.02406623
-79.45414734;41.20249939;0.019452145
-84.87174988;34.50704956;0.021094673
-79.92774963;40.9211998;0.028335954
-91.7963028;45.89787674;0.018139882
-91.80619812;44.31100082;0.116193916
-97.6053772;29.85680008;0.023764041
-83.45400238;36.03620148;0.006847814
-97.88240051;28.94459915;0.024781093
-80.39254761;37.17675018;0
-101.0554962;39.35065079;0.104381827
-76.65670013;41.02730179;0.064531549
-111.7887268;41.68495178;0.000805053
-74.92559814;42.18299866;0.002052552
-77.61904907;41.22055054;0.010523421
-75.73629761;40.93024826;0.008201239
-102.4787521;45.49147415;0.000108824
-80.54154968;35.34590149;0.012863964
-76.97104645;38.48952484;0.084379399
-76.75154877;42.14704895;0.00803893
-97.36837769;43.67440033;0.13709249
-73.74365234;41.75970078;0.01150058
-81.19824982;41.16799927;0.046964804
-76.88005066;38.83375168;0.035316435
-78.96320343;41.14044952;0.013348996
-80.1921463;40.21744919;0.009844357
-79.8042984;35.71310043;0.008533263
-76.59004974;34.92375183;0.061617517
-87.33294678;30.63694954;0.007784781
-94.9815979;39.19150162;0.053289658
-96.52449799;29.60485077;0.023852485
-84.86125183;35.17264938;0.002376643
-111.9562531;41.24985123;0.001628905
-103.4955215;34.08747482;0.001276292
-92.85385132;38.43907547;0.016215832
-103.115799;40.71889877;0.03654434
-77.02394867;41.33272552;0.024674049
-84.54634857;37.6440239;0.006757926
-80.37850189;36.91579819;0
-91.28562164;44.72674942;0.093116806
-74.42894745;43.13579941;0.002519298
-96.83875275;37.23762512;0.006936799
-80.33242798;40.66564941;0.012594712
-112.1154022;40.96110153;0.00564487
-74.31819916;44.55255127;0.001532342
-95.63300323;41.03082657;0.3633055
-92.20449829;44.28115082;0.2202339
-99.89794922;38.08760071;0.013627721
-75.27570343;41.61669922;0.00107135
-85.83920288;31.09630013;0.016539269
-91.10929871;45.46545029;0.0162559
-98.07185364;28.42144966;0.010102046
-79.26439667;41.81162643;0.003006678
-98.90977478;34.37832642;0.008422021
-79.41192627;37.80934906;0.00390866
-95.40799713;35.55997467;0.016319039
-83.73744965;38.14697647;0.014536964
-96.58370209;31.51754951;0.022005105
-74.43840027;42.59230042;0.01426029
-84.24344635;35.43344879;0.002214881
-79.78645325;37.55405045;0.004031069
-77.8927536;37.53839874;0.004186122
-75.8877182;36.28860092;0.068064578
-121.7008514;48.47665024;0
-81.90615082;40.30405045;0.060387009
-77.90274811;41.73757553;0.00216779
-83.55075073;30.85754967;0.020575037
-78.26820374;37.52827454;0
-76.62065125;39.28445053;0.127115734
-97.88175201;35.02954865;0.00269651
-80.74984741;36.74480057;0
-102.6016235;36.27795029;0.135929161
-82.96057129;38.79315186;0.020160632
-82.87174988;36.18180084;0.003769966
-78.47669983;38.62215042;0.010044033
-102.4962006;46.11362457;0.006484649
-88.77455139;43.02017593;0.213191864
-94.85085297;37.85540009;0.019375206
-88.35057831;34.27595139;0.013208938
-76.46295166;37.73007584;0.061025988
-79.39622498;36.04650116;0.005450708
-96.90019989;29.3478508;0.009665945
-98.46344757;29.43320084;0.01478762
-91.35504913;44.29072571;0.134522123
-79.51689911;37.32115173;0.001242545
-78.23104858;43.25234985;0.094612289
-107.33815;46.17634964;0.003032865
-79.13379669;37.22645187;0.003097249
-84.02124786;38.32574844;0.007947205
-77.46252441;38.7228508;0.004625792
-81.09140015;40.57690048;0.025733524
-90.02112579;44.46644974;0.047696082
-83.74930573;41.57374954;0.119782794
-94.07710266;46.48080063;0.009093691
-94.845047;38.2132988;0.027926487
-79.10759735;36.0522995;0.002735469
-76.74880219;37.31034851;0.017492303
-118.9042511;35.30452347;0.000307089
-85.10835266;38.46620178;0.014581605
-85.60929871;37.00025177;0.00698264
-81.25797272;36.68259811;0
-86.04634857;35.80860138;0.030586508
-80.80325317;40.75624847;0.044017391
-81.15865326;37.12704849;0
-108.1947479;45.9782486;0.000830124
-76.51820374;41.43284988;0.003472685
-85.27565002;37.57115173;0.018793289
-106.8195038;32.42020035;0
-81.44544983;39.43090057;0.022386444
-85.23204803;30.78317451;0.01143326
-82.33920288;38.80889893;0.006999552
-81.4776001;40.03079987;0.010179153
-76.18695068;43.43109894;0.00491713
-83.92584991;35.67375183;0.006154218
-119.6395035;36.74649811;0.001310222
-88.70809937;37.08420181;0.004609354
-84.74559784;38.02125168;0.012291536
-96.11552429;33.60689926;0.025415054
-78.45664978;37.23849869;0
-77.64550018;39.08599854;0.018034048
-93.26560211;45.22517395;0.029508274
-87.55525208;45.54024887;0.006588278
-79.6522522;39.93080139;0.01680873
-84.84179688;38.75960159;0.014231859
-81.54599762;35.37155151;0.001008867
-114.5181503;42.45629883;0.00267853
-81.6309967;34.30407333;0.001486279
-89.03199768;45.24959946;0.0100267
-82.93714905;32.43135071;0.009425745
-84.06710052;38.69055176;0.006919841
-98.20890045;39.04510117;0.00304297
-78.28874969;39.23690033;0.00753684
-85.9076004;37.29914856;0.008640276
-104.4311523;33.3036499;0
-75.6413269;41.40190125;0.003406886
-84.57119751;38.3049469;0.010975695
-85.85765076;41.59764862;0.150250102
-90.93560028;43.20624924;0.066844628
-84.57804871;39.44094849;0.095969675
-81.63259888;37.375;0.013387171
-79.68840027;39.45800018;0.004579143
-84.53420258;35.13657379;0.005746466
-82.98605347;30.47687531;0.014870547
-87.35189819;44.98690033;0.0362529
-84.65350342;37.43629837;0.021839499
-82.25379944;36.50624847;0.003026488
-81.83350372;39.6100502;0.011597352
-121.692749;48.03739929;0
-84.32845306;38.43035126;0.012109274
-85.81694794;44.96327591;0.013003271
-100.4411469;39.35010147;0.105112622
-78.38079834;36.71620178;0.002754716
-82.03414917;39.03950119;0.009096572
-102.621727;47.40205002;0.002254802
-85.13549805;36.74520111;0.007121696
-95.9924469;29.9864502;0.026466036
-83.91815186;38.04902649;0.008654766
-81.23177338;35.68164825;0.006250469
-114.1533966;42.9822998;0.000388833
-84.04640198;32.34645081;0.013560677
-81.10269928;40.29645157;0.008905781
-84.73789978;38.96234894;0.013324332
-80.43499756;33.07540131;0.020118142
-85.71240234;30.60980034;0.003233149
-111.5237274;40.1894989;0.002111138
-88.91470337;44.4620018;0.080507995
-101.6870728;40.17655182;0.098180701
-95.71320343;46.41239929;0.091711665
-84.15644836;37.97404861;0.011059337
-86.66419983;32.5245018;0.005243553
-75.38645172;38.70584869;0.171485367
-85.60350037;31.40769958;0.008633058
-81.56324768;37.1480484;0
-85.14565277;45.00999832;0.008845452
-75.30805206;41.03369904;0.009244043
-84.11979675;37.1406517;0.002869144
-96.80934906;48.77197647;0.002990894
-80.29049683;35.32320023;0.039155445
-76.94000244;39.23384857;0.065288975
-104.378952;39.86967468;0.005899046
-77.18630219;37.15679932;0.028235826
-85.41649628;35.35720062;0.005877374
-94.83724976;38.56370163;0.047683451
-96.68297577;43.29190063;0.381104153
-77.66139984;38.18370056;0.010914035
-86.8302002;34.4952507;0.015565689
-87.89395142;41.8118515;0.011235302
-78.52404785;38.00540161;0.00194607
-98.21800232;39.7846489;0.01117078
-96.59715271;38.30405045;0.012888425
-82.01035309;39.36819839;0.005241633
-101.8928757;36.27774811;0.120188401
-76.62754822;38.97434998;0.022539309
-100.7129517;43.1936264;0.004164806
-85.23355103;34.33324814;0.009744119
-82.61599731;39.02614975;0.010409727
-120.6921234;46.56380081;0.004618875
-83.43990326;38.20759964;0.006120469
-89.63282776;35.73509979;0.066425763
-98.07542419;37.19210052;0.002924424
-85.46044922;38.40465164;0.029732015
-96.94329834;29.89590073;0.016940255
-102.60495;34.96654892;0.014779802
-102.3503494;34.06869888;0.03885756
-78.63079834;36.28224945;0.002353517
-87.94799805;43.01732635;0.008408884
-83.75;34.65200043;0.004527486
-112.4899979;33.34999847;3.39558E-05
-86.91165161;35.87590027;0.009921827
-79.23135376;35.69549942;0.002517024
-104.9652252;42.12182617;0.001573794
-77.99720001;37.93412399;0.006914551
-104.6652527;41.32749939;0.002268666
-78.42254639;40.98905182;0.004630356
-93.79290009;38.38502502;0.048266499
-82.79190063;35.22520065;0.003097003
-97.40715027;35.55134964;0.00462741
-74.60632324;40.56565094;0.00974351
-105.5664978;40.62805176;0.004504959
-96.9368515;31.25395012;0.155215905
-85.81580353;34.52985001;0.026111632
-87.84677124;35.63195038;0.008661934
-85.95850372;36.25479889;0.011430139
-78.01672363;37.14110184;0.002482918
-84.32044983;37.34540176;0.003936636
-83.4957962;30.45549965;0.01016385
-78.13700104;38.69139862;0
-80.33370209;36.7071991;0.001940431
-83.69045258;36.47187424;0.002158746
-101.5401993;48.72917557;0.006251643
-100.4660034;38.48125076;0.008496347
-99.32440186;39.35029984;0.008266824
-105.880249;34.6508255;0.000233571
-85.45355225;36.13899994;0.001948011
-78.27774811;37.84820175;0.006524689
-101.1687775;45.70807648;0.001705972
-80.2154007;39.86500168;0.001899333
-84.83830261;42.59614944;0.175656217
-84.57994843;37.87609863;0.009927511
-84.53974915;39.16675186;0.013808425
-81.95794678;32.78025055;0.011166776
-78.8214035;38.99945068;0.006963609
-96.97485352;28.80164909;0.063208215
-86.45257568;35.52477646;0.021441615
-100.7207718;43.61985016;0.002033119
-95.79975128;39.43462372;0.056962049
-99.31725311;38.91479874;0.003472338
-96.07794952;33.12310028;0.009102014
-82.45400238;39.5115509;0.009240095
-80.2661972;33.90570068;0.061052584
-108.2266006;38.93310165;0.001408609
-97.13535309;38.87120056;0.004791136
-74.75759888;41.72069931;0.000644523
-103.4849472;46.45552444;0.001411194
-87.79872131;35.24755096;0.003831953
-93.34349823;37.25794983;0.001388951
-100.8209;48.77209854;0.004682097
-90.3967514;32.31105042;0.022111358
-83.49410248;36.24689865;0.002786894
-85.31755066;34.43772507;0.006482782
-100.1956482;44.72272491;0.013810954
-84.84780121;43.98889923;0.006064749
-104.6388779;47.75189972;0.001574428
-111.3255234;32.98355103;0.000261892
-87.37284851;41.43740082;0.183600748
-98.7677002;39.35042572;0.004202199
-78.59185028;38.84844971;0.015252831
-78.53275299;37.56487656;0.001613986
-103.7264481;42.50114822;0.00899731
-91.50505066;38.43109894;0.014404517
-74.67925262;41.13439941;0.004796071
-100.8794022;45.10105133;0.001560709
-111.9076233;38.77389908;0.000245387
-94.42375183;40.47809982;0.001053394
-96.25824738;44.0231514;0.314586061
-78.80844879;37.37889862;0.002809494
-103.4329987;32.78530121;0
-85.62404633;35.15100098;0.015297131
-84.97679901;35.95119858;0.001146183
-104.5515747;38.1283493;0.001308248
-87.26834869;37.53490067;0.029320275
-85.30852509;42.59529877;0.093838782
-93.47290039;45.01672363;0.042668248
-84.54354858;32.0761261;0.012676577
-84.37169647;42.59930038;0.13691679
-84.87445068;38.23479843;0.007424214
-79.77320099;36.39187622;0.003861839
-77.88905334;37.73460007;0.019227051
-96.30255127;32.59960175;0.006957343
-95.66374969;35.35169983;0.003810162
-80.0270462;40.43574905;0.002353904
-74.72489929;39.84500122;0.01495364
-84.61180115;45.0284996;0.002733024
-86.78502655;34.08580017;0.007194318
-96.63130188;30.51350021;0.030520329
-97.33634949;30.10289955;0.002638318
-82.00830078;31.19174957;0.003867574
-100.4589996;39.7845993;0.01503833
-81.84909821;36.43915176;0.003141019
-74.34625244;41.87879944;0.002219303
-85.20807648;37.77474976;0.014034898
-74.71309662;40.28089905;0.02351392
-99.24825287;38.17515182;0.053452802
-83.85929871;32.58010101;0.013446644
-74.41435242;40.4300499;0.020684005
-103.5206985;46.11309814;0.003227056
-84.82189941;35.51985168;0.004009289
-84.91402435;45.53020096;0.004007952
-109.753952;31.87989998;0.005470504
-121.3218536;39.31169891;0.000990978
-78.67414856;36.97375107;0.003618497
-98.74700165;38.04270172;0.089364623
-81.33634949;32.34859848;0.015644229
-99.64890289;36.79745102;0.002556545
-116.293045;44.15359879;0.005277027
-85.16449738;35.56404877;0.004999139
-90.36100006;45.67955017;0.002120657
-93.30290222;35.03034973;0.006735712
-83.92375183;37.69784927;0.004922616
-87.04789734;31.4720993;0.003305751
-78.9747467;36.38935089;0.007169075
-94.39467621;33.47237396;0.013726672
-99.29154968;37.91059875;0.140168323
-84.93579865;37.33295059;0.011220574
-89.24165344;44.11384964;0.057904573
-96.98719788;30.29459953;0.002983294
-103.5065994;44.89274979;0.000764395
-85.32865143;37.33772659;0.035323166
-103.2431259;40.00215149;0.012086074
-77.46085358;38.41225052;0.007513409
-95.3756485;47.58610153;0.002513295
-95.43830109;29.8335495;0.004518952
-105.3452988;40.08834839;0.005261226
-103.1395493;42.71977615;0.001790523
-111.6306992;39.42274857;9.83874E-05
-74.58035278;40.86740112;0.002998465
-95.51364899;35.97112656;0.013601197
-75.34355164;38.22299957;0.101910279
-84.10012817;36.77887344;0.002839941
-81.46824646;31.98069954;0.002122433
-79.33517456;36.39179993;0.00202363
-85.68344879;37.96504974;0.012016016
-88.00655365;45.38050079;0.019729661
-97.30004883;34.68099976;0.004837521
-80.06604767;41.66595078;0.034868967
-81.34654999;32.95135117;0.042871142
-85.17205048;33.99862671;0.006528412
-89.95574951;43.40137482;0.0038552
-97.64785004;38.39172363;0.002319454
-87.76805115;36.02930069;0.019082804
-106.5646362;46.01857376;0.000405247
-86.0372467;44.64599991;0.003890324
-86.07479858;35.49639893;0.058296801
-82.63962555;36.73834991;0
-112.9580994;41.50037384;0.001255823
-75.02760315;41.34534836;0.003428979
-102.5408478;43.35015106;0.000895467
-99.69192505;36.2181015;0.002288185
-80.25900269;41.28094864;0.058842026
-109.4506989;45.65309906;0.000348172
-81.56974792;35.9416008;0.002153573
-81.74034882;33.99644852;0.003107872
-101.339447;46.63344955;0.001054499
-108.9611511;45.31235123;0.00106812
-98.99047852;41.91514969;0.022202779
-82.21060181;31.37512589;0.025036417
-102.5637741;37.31869888;0.014061595
-83.72454834;37.14355087;0.002985605
-97.49434662;29.4470005;0.007024116
-82.65329742;34.51390076;0.000979255
-98.20097351;38.34754944;0.029676705
-79.9055481;33.18830109;0.003558512
-87.40194702;35.22848892;0.030380608
-86.42475128;35.8628006;0.011613159
-86.00875092;36.52600098;0.006584096
-122.5142517;45.80170059;0
-87.33679962;31.52842522;0.003503192
-102.7869034;44.58980179;0.000270124
-83.84079742;36.87099838;0.003627534
-88.13710022;32.65155029;0.002762614
-89.80995178;43.94509888;0.048727113
-81.01035309;33.23289871;0.022647807
-91.09055328;39.36830139;0.120295919
-107.8827515;44.58340073;0.001045987
-82.24859619;39.74140167;0.067871785
-95.7696991;39.04302597;0.033533702
-81.5401001;41.12820053;0.006057375
-77.8513031;36.78357315;0.001379959
-78.70075226;39.58987427;0.001469136
-83.91165161;42.60359955;0.05387931
-99.97660065;41.91284943;0.002198413
-84.0122757;35.13964844;0.00205958
-97.46929932;28.64642525;0.00878714
-85.52484894;37.29014969;0.01786271
-105.3423233;46.86125183;0.000539864
-105.4614487;46.32397461;0.000289112
-93.2664032;45.57305145;0.112809461
-75.96070099;41.16464996;0.012804358
-101.1475525;38.91717529;0.009028509
-86.14414978;32.58969879;0.005784615
-99.76184845;29.35695076;0.016964601
-99.27275085;37.19174957;0.002180297
-113.212326;38.3614769;0
-81.96604919;34.89412689;0.0009634
-107.9388733;38.94307327;0.004104246
-103.3494034;46.97949982;0.002035548
-84.5951004;37.11130142;0.011808495
-78.66539764;41.41579819;0.000942799
-84.90617371;36.35974884;0.002193466
-95.44457245;45.58607483;0.209844212
-96.47519684;32.06259918;0.019847965
-83.06122589;39.34185028;0.111216426
-107.8302536;43.83435059;0.000906784
-98.45709991;34.63069916;0.00043835
-78.11109924;36.37355042;0.001093422
-99.30889893;38.52265167;0.006091533
-82.41649628;31.01874924;0.005021944
-101.7622223;38.91630173;0.057440453
-80.26260376;35.76509857;0.00905551
-96.66220093;33.67625046;0.028454435
-108.2795029;38.41042328;0.004881483
-88.84100342;35.61244965;0.007909074
-113.0311508;39.0632019;0.000474266
-98.046875;40.17625046;0.10239223
-90.13297272;38.30414963;0.201202709
-86.13232422;39.77975082;0.028391167
-98.45155334;28.93124962;0.002789907
-81.92945099;41.13259888;0.048555925
-82.99821472;36.74319839;0.001787226
-98.95970154;46.97814941;0.001477109
-85.57505035;44.74634933;0.017134517
-80.76117706;41.7384491;0.037147301
-97.52611542;35.09519958;0.004246101
-104.2866516;32.48265076;0
-98.99970245;35.63850021;0.001267093
-79.33989716;33.4530983;0.004026914
-95.60847473;36.79835129;0.002765731
-84.4733963;38.02752686;0.013180093
-97.21472168;33.68249893;0.002861591
-110.5647964;39.6406517;0.000211369
-72.72325134;40.8852005;0.00205547
-99.21327209;34.11349869;0.002091786
-75.15969849;39.70154953;0.010586043
-87.61634827;46.448349;0
-92.21929932;38.53075027;0.018760857
-82.62709808;30.21375084;0.001960354
-96.23574829;35.02842331;0.001162099
-110.4394531;40.31990051;0.000434289
-82.51165009;39.21165085;0.004528111
-121.7530975;47.43375015;0
-77.56152344;37.39260101;0
-79.23940277;41.4796257;0.001459871
-103.0274963;44.09930038;0.000619113
-93.84220123;37.73675156;0.005909482
-103.5048523;36.36975098;0.009587141
-96.8804245;35.7024765;0.001142011
-82.947052;36.41815186;0.001926396
-90.34394836;37.47764969;0.002072556
-112.8153992;39.66270065;0.00041461
-86.30439758;36.15359879;0.001369245
-83.582901;45.03179932;0.011702081
-96.34459686;30.65200043;0.013336918
-104.9433975;48.27985001;0
-92.43845367;38.22539902;0.003693479
-94.35624695;39.03414917;0.046499901
-90.2934494;35.13547516;0.02944876
-95.36579895;31.25964928;0.003173517
-110.6508026;39.10189819;0.000245684
-109.5364532;40.16025162;0.000314101
-98.06784821;29.1602993;0.016264142
-97.61795044;46.10889816;0.014919942
-98.78530121;39.78495026;0.003315446
-86.5943985;30.68770027;0.000667999
-81.44660187;29.9375;0.000460946
-88.19029999;31.40670013;0.001735051
-117.5645981;43.2207489;0.002007036
-109.8025284;44.40952682;0.000180053
-115.9697037;34.83615112;0
-113.2589264;37.8117485;0
-116.0283966;42.83850098;0.001282075
-86.31984711;34.34954834;0.012123938
-85.92455292;31.8335495;0.008615487
-84.84604645;34.24409866;0.007482097
-82.9450531;34.35174942;0.003364412
-81.73090363;31.77599907;0.001948643
-96.24165344;37.88835144;0.010830986
-85.40574646;36.77830124;0.008174743
-84.59349823;41.88470078;0.168815961
-84.12615204;45.02845001;0.004279806
-88.64880371;30.86650085;0.002940162
-93.81099701;38.74694824;0.061337965
-83.00975037;39.96900177;0.047175709
-100.4778519;36.75094986;0.004736519
-96.19035339;33.94105148;0.00257895
-95.57324982;34.01327515;0.004441616
-102.5147476;36.7499733;0.016178121
-95.5700531;36.33634949;0.000925995
-78.20549774;41.41749954;0.000393418
-76.22989655;40.72280121;0.035129953
-81.91149902;33.75870132;0.001245293
-81.17987823;34.99264908;0.000686864
-96.79100037;43.67457581;0.001929799
-87.36064911;36.14680099;0.002232735
-84.93477631;35.61709976;0.003461891
-77.35624695;38.0135498;0.029341621
-76.43609619;37.85689926;0.117817213
-76.7227478;37.95835114;0.085690223
-76.7227478;37.95835114;0.273118861
-95.74810028;48.76934814;0.001315782
-99.10890198;29.38960075;0.02553643
-122.3963013;39.59180069;0.01307243
-81.60555267;33.53829956;0.003495982
-97.24105072;46.9347496;0.005222407
-103.604248;39.04150009;0.002114679
-104.8727036;47.32452393;0.001053457
-97.40795135;35.94445038;0.001259319
-93.43689728;35.54804993;0.003539499
-90.51439667;38.25260162;0.007374772
-86.91265106;45.85485077;0.002804415
-85.44315338;33.30350113;0.001344549
-95.30662537;37.55882645;0.050557499
-99.83327484;34.76862335;0.001743148
-97.79904938;31.3899498;0.009804994
-79.16049957;35.46640015;0.004251535
-81.65370178;35.7820015;0.002466846
-75.13047791;39.37284851;0.015966687
-90.48432159;45.20650101;0.027568061
-85.76795197;30.84964943;0.002267074
-80.23970032;36.40375137;0.00293937
-97.94184875;35.94509888;0.000692137
-103.4670029;48.8166008;0.001240542
-82.8601532;30.7303009;0.002706431
-99.88265228;43.37395096;0.001162056
-87.70210266;30.75984955;0.003719422
-92.87770081;37.27719879;0.002258452
-84.52570343;32.34794998;0.003618869
-82.33999634;32.13169861;0.008523115
-83.41449738;32.67509842;0.002168392
-101.0759277;39.78525162;0.009495195
-86.18049622;36.78105164;0.011285826
-96.98735046;36.09400177;0.001365941
-84.22170258;31.5428009;0.011377427
-91.33474731;43.29045105;0.15391441
-97.73692322;44.84859848;0.005382756
-100.8143463;34.9653511;0.001512471
-85.83795166;33.76205063;0.002824754
-114.1143036;47.59505081;0.000313803
-88.59684753;35.41775131;0.021662276
-95.13439941;35.2580986;0.001083133
-99.00614929;44.54610062;0.001087653
-97.40619659;35.15337372;0.002331611
-80.54139709;35.89680099;0.020622785
-84.60755157;30.54990005;0.003027338
-80.47724915;35.6772995;0.012529092
-103.8270035;46.93595123;0.004210371
-88.21980286;45.02539825;0.053076495
-100.1050034;45.76845169;0.002335925
-99.91259766;40.17644882;0.065712515
-93.29105377;38.29885101;0.017053266
-86.12114716;30.63165092;0.000443237
-90.8499527;36.66090012;0.002730472
-76.99230194;37.5021019;0.03429969
-95.89360046;36.7112999;0.001499448
-88.99089813;34.48165131;0.012411838
-73.87265015;43.0882988;0
-99.83260345;43.85309982;0.004859112
-87.46704865;35.80120087;0.006377343
-82.56439972;32.40499878;0.003114721
-80.17637634;34.59130096;0.007630541
-76.60559845;39.46392441;0.050900867
-99.82424927;37.23699951;0.001122163
-93.82634735;36.71524811;0.001604498
-85.67712402;38.18930054;0.004463242
-96.73190308;39.04489899;0.00690491
-100.6890488;31.39579964;0.001437159
-96.13735199;40.92464828;0.00558854
-97.03977966;45.61640167;0.001844445
-98.35700226;35.20325089;0.002444596
-80.30815125;40.98970032;0.060252871
-98.27907562;44.41455078;0.011917057
-99.88269806;39.34975052;0.012349854
-101.6485977;40.85074997;0.206108891
-89.48487854;34.74520111;0.012830405
-96.64125061;38.69594955;0.016355861
-82.79239655;32.99885178;0.004593292
-119.5749283;45.45999908;0.002844571
-87.45310211;33.3070488;0.003421438
-90.73905182;44.33377457;0.048110035
-121.5606995;39.72399902;0.000190608
-78.92195129;36.80142593;0.002860674
-96.88269806;35.18190002;0.003173797
-98.35162354;45.58955002;0.003374789
-115.6177979;43.38389969;0.000964641
-84.82125092;36.80039978;0.01530529
-101.5686722;44.99217606;0.000477748
-98.75595093;38.47887421;0.037402125
-101.4885788;36.74879837;0.059058935
-84.36385345;38.70869827;0.005569616
-79.43240356;35.28044891;0.001903467
-92.7594986;35.26755142;0.008428482
-103.4373016;48.29595184;0.000377332
-86.10285187;44.34125137;0.004311455
-89.18460083;34.78882599;0.012291354
-86.03530121;34.02109909;0.003798007
-83.82015228;45.41267395;0.009231975
-89.94242859;31.90105057;0.00291942
-86.38484955;35.26869965;0.008466868
-79.44020081;40.35549927;0.022855151
-98.99069977;35.28347397;0.000622913
-99.90335083;39.78414917;0.010679623
-82.53234863;32.15137482;0.008279664
-80.58197784;34.3417511;0.00258172
-92.50395203;39.42834854;0.043733932
-78.62529755;35.79745102;0.001502548
-103.0033493;41.7215004;0.057396839
-86.44409943;31.26097488;0.002569354
-85.0746994;42.94499969;0.176909422
-97.09537506;38.34754944;0.003289364
-102.6636505;46.82012558;0.001517943
-101.1258011;42.54264832;0.00233306
-76.54370117;37.42259979;0.044723235
-85.77735138;35.68804932;0.010833391
-98.13547516;37.55884933;0.012306712
-98.46365356;48.77185059;0.001574614
-98.68740082;34.01205063;0.002489405
-97.64987183;39.48007584;0.021833909
-88.76715088;33.65890121;0.010325901
-93.70980072;35.22489929;0.005502768
-95.95220184;35.61695099;0.002017662
-94.40865326;39.28300095;0.03114356
-100.3815994;40.52484894;0.057879278
-76.42475128;41.042099;0.059854804
-83.33664703;38.52249908;0.005160065
-91.92694855;38.81482315;0.045449669
-85.70627594;35.37334824;0.006933659
-77.16484833;38.26309967;0.030381944
-87.68765259;33.71995163;0.006721394
-80.09564972;35.00450134;0.018518257
-80.71595001;32.82770157;0.007691507
-91.9178009;38.4966507;0.019592153
-87.15209961;31.12789917;0.004617999
-100.2729034;36.27772522;0.005196543
-94.78164673;35.46794891;0.013913211
-80.70709991;36.39920044;0.013396518
-83.11634827;32.17625046;0.006246377
-97.35160065;32.34434891;0.005997916
-99.10700226;28.86580086;0.003723456
-85.40209961;31.88222504;0.003531472
-118.7025986;45.49862671;0.001020524
-118.6631241;46.99879837;0.002678627
-96.0134964;39.78337479;0.138189599
-92.55425262;37.68429947;0.000816087
-80.7766037;33.67274857;0.028355294
-85.90834808;42.59382629;0.118963454
-82.74185181;32.11389923;0.002886521
-85.30410004;38.61449814;0.00944743
-101.3542023;35.83977509;0.018488624
-82.92590332;31.96685028;0.003188125
-82.28105164;40.81007385;0.099043877
-85.44535065;37.76620102;0.036231455
-81.12039948;32.79199982;0.024842349
-85.06069946;45.24084854;0.005997505
-81.99755096;32.05379868;0.013244537
-82.91555023;42.67229843;0.031546603
-80.76145172;41.31655121;0.043087367
-98.22389984;26.4225502;0.013835802
-89.5530014;32.42810059;0.006413361
-89.93624878;34.66297531;0.027040892
-93.51107788;39.78939819;0.076879724
-97.47727203;37.23789978;0.001189912
-97.64992523;38.78352356;0.002171315
-100.9061508;38.4823494;0.040504097
-100.3707504;37.23770142;0.114023119
-87.61560059;32.74354935;0.003398111
-79.12729645;40.63985062;0.023929179
-99.45310211;41.9151001;0.013438855
-102.3310471;41.61539841;0.012284382
-95.73310089;38.23625183;0.056818182
-83.08387756;31.01772499;0.012545498
-84.63339996;35.44279861;0.007631133
-98.68589783;43.16957474;0.008968676
-104.3534775;42.07842636;0.016500436
-96.09729767;41.09550095;0.025985365
-97.65035248;39.13227463;0.002600158
-98.78079987;42.87995148;0.008679752
-89.28170013;37.46519852;0.059322136
-88.53269958;34.61009979;0.010543947
-97.48004913;37.69345093;0.026266285
-101.3024979;34.07144928;0.007086596
-89.48400116;34.35812378;0.002970956
-94.33860016;36.90230179;0.006235832
-89.64134979;33.08262634;0.002763117
-99.78032684;46.97904968;0.00532096
-97.39454651;47.9334259;0.003477511
-101.3460236;38.48225021;0.044144561
-122.2919998;39.16930008;0.004345257
-74.94934845;40.56420135;0.023622482
-82.70465088;42.84334946;0.126290465
-95.15057373;40.73752594;0.300919001
-91.90309906;44.94660187;0.123418483
-85.35494995;31.15579987;0.011038407
-80.79740143;33.44169998;0.04943905
-91.41615295;40.59627533;0.229517385
-89.98999786;32.31715012;0.007060825
-96.92147827;46.28279877;0.001522576
-93.83380127;37.10634995;0.01095901
-87.09742737;36.24869919;0.004646303
-83.25307465;30.82805061;0.008676768
-84.06330109;41.89450073;0.19091439
-81.25767517;33.92499924;0.011843046
-78.88234711;35.38755035;0.009716223
-86.39442444;36.98217392;0.073652813
-102.608551;38.82979965;0.014472872
-82.11184692;32.4144516;0.018986957
-102.3992233;42.50215149;0.012417863
-93.60669708;33.24985123;0.028193257
-98.53522491;46.45645142;0.002860275
-96.08674622;40.65352631;0.006344508
-95.80854797;47.32519913;0.004760924
-100.8117523;35.40169907;0.007742815
-83.60250092;44.33667374;0.011382055
-95.74005127;37.88650131;0.044320928
-95.21514893;36.75469971;0.006775357
-96.68840027;40.78454971;0.013410738
-84.13954926;41.01345062;0.235729638
-96.31977844;29.84320068;0.009816654
-86.14755249;33.39120102;0.013310819
-82.6957016;32.66735077;0.006676034
-85.13379669;38.67354965;0.010809824
-76.34484863;37.45287323;0.012765523
-91.52574921;35.73452377;0.015343096
-121.998703;38.28677368;0.011306214
-99.48770142;44.54515076;0.012159251
-88.98104858;39.85390091;0.194404641
-101.6691513;43.19255066;0.003295607
-92.77905273;38.87234879;0.107018654
-102.4262009;40.00389862;0.116570469
-95.72509766;38.65192413;0.055525942
-83.22219849;43.10374832;0.075712703
-91.05049896;38.45154953;0.027768446
-98.08529663;37.9531517;0.022794399
-96.79049683;44.36965179;0.016520656
-104.5615768;38.82474899;0
-77.28649902;36.90930176;0.015283353
-76.6888504;39.97299957;0.128358395
-101.694725;41.56914902;0.002184184
-118.8313522;46.46620178;0.012576465
-75.31105042;39.57931519;0.070291228
-102.9953537;41.22069931;0.018937969
-103.7093964;41.54629898;0.008375546
-96.68965149;40.26229858;0.059921196
-85.30715179;38.04417419;0.025215169
-78.29350281;34.10504913;0.008956878
-98.73940277;37.64775085;0.10863243
-86.34745026;37.47045135;0.018613008
-83.23795319;31.74975014;0.035371738
-98.52839661;41.91464996;0.076879444
-103.7289276;37.95429993;0.005567719
-81.96264648;39.96110153;0.028446278
-76.89955139;37.09609985;0.033591315
-88.54167175;42.66754913;0.26027129
-102.3520508;40.8757515;0.074100759
-92.53434753;40.47029877;0.045169227
-99.93122864;42.46519852;0.044139141
-85.19864655;43.29370117;0.112987967
-86.25910187;37.19440079;0.007744862
-85.84459686;35.98160172;0.00935909
-96.23670197;40.13159943;0.009775355
-90.86985016;37.97109985;0.063396977
-97.89277649;42.96749878;0.008043544
-88.90325165;34.79579926;0.012966522
-83.83679962;42.25325012;0.085174451
-79.73925018;41.3980484;0.010647517
-98.49992371;40.17639923;0.088603907
-94.37527466;32.78580093;0.01444085
-98.20894623;39.3932991;0.003572347
-102.6018524;35.83879852;0.10952727
-76.91674805;37.7011261;0.056816385
-89.7193985;34.02954865;0.004348454
-101.0608521;40.52489853;0.074497623
-86.6989212;41.04097366;0.401361603
-81.87210083;32.16320038;0.00929456
-87.83119965;36.50497437;0.005112001
-90.97699738;32.00550079;0.01283974
-113.6716003;42.86455154;0.00041139
-84.38684845;43.98770142;0.0175735
-77.41600037;37.54040146;0.011157901
-94.69962311;40.73559952;0.203378125
-96.22364807;38.9681015;0.004115039
-95.6590271;40.13090134;0.001412085
-76.02140045;38.47634888;0.017285792
-101.6016998;48.32740021;0.003648379
-86.11470032;38.21009827;0.08050472
-86.57700348;35.17795181;0.024661102
-96.83882141;45.15174866;0.003434016
-97.42700195;38.04339981;0.044905253
-98.34697723;44.93759918;0.012883427
-92.6006012;40.19179916;0.032242063
-87.14409637;32.3879509;0.00286782
-86.47989655;36.44874954;0.01476006
-82.32015228;33.83182526;0.017571975
-93.03992462;36.65729904;0.022323143
-89.32375336;33.94200134;0.014651601
-80.55899811;35.01110077;0.061287008
-77.64745331;37.07089996;0.007755574
-93.28115082;38.72449875;0.114309235
-77.39935303;34.71440125;0.021191414
-76.19519806;35.38359833;0.068843832
-97.18804932;44.67385101;0.01140601
-79.33644867;33.99895096;0.010097246
-84.16815186;40.520401;0.226635514
-100.4829254;38.91537476;0.008312877
-80.2717514;36.11645126;0.005340576
-94.81259918;36.83345032;0.012266082
-77.53224945;36.71955109;0.005288722
-78.27680206;36.04175186;0.0030169
-98.50579834;46.1093483;0.010914014
-92.61820221;38.67504883;0.043515317
-77.73718262;39.52159882;0.186357472
-87.0305481;35.22344971;0.017391518
-94.50924683;45.10932541;0.277816577
-101.7305222;39.78564835;0.03493058
-85.99275208;31.40055084;0.011275939
-88.18164825;35.20930099;0.018927595
-85.62110138;34.23194885;0.006779722
-89.0652771;43.80754852;0.192732443
-101.7989731;37.19110107;0.032537812
-81.73184967;32.40074921;0.022908206
-99.45559692;42.44530106;0.032537235
-103.713974;41.19805145;0.013954997
-83.69264984;43.00194931;0.068886405
-96.53514862;31.02599907;0.012798984
-85.96672821;34.73329926;0.028968982
-83.48664856;38.82649994;0.023280557
-88.98960114;35.21305084;0.014043892
-102.4621277;46.41815186;0.002069993
-102.3944016;37.95610046;0.007620186
-100.8501968;37.19287491;0.144395406
-95.58390045;33.35615158;0.016070164
-86.50164795;39.16934967;0.015056422
-100.5215759;46.98065186;0.008610977
-78.80660248;35.0489006;0.021065694
-91.04472351;32.71120071;0.128613277
-76.63180542;37.64199829;0.063555257
-89.26294708;33.59965134;0.004807806
-80.98077393;34.00569916;0.008469283
-99.2507019;44.06475067;0.00531248
-101.7309494;47.2778511;0.000896709
-95.15579987;41.03034973;0.331756629
-95.30135345;37.88542557;0.052807101
-85.57737732;44.33874893;0.003868327
-97.18800354;44.97777557;0.003181032
-96.17285156;41.29175186;0.028324974
-91.45345306;38.92145157;0.129660812
-97.6568222;46.45657349;0.022638366
-87.39689636;40.97755051;0.393881423
-85.23179626;31.5352993;0.008343717
-76.10088348;36.29735184;0.107767575
-103.0710526;42.22055054;0.060884738
-88.23815155;37.5006485;0.026285538
-93.57119751;40.42205048;0.055044256
-88.07272339;36.08684921;0.011871897
-99.24765015;48.68524933;0.006557757
-83.65070343;40.99297333;0.240837019
-103.0719757;37.95555115;0.001032103
-83.83384705;31.58325005;0.009598845
-88.56140137;37.33435059;0.020644583
-76.1223526;35.84647369;0.10298851
-93.1059494;39.86864853;0.045841057
-89.97104645;35.19955063;0.016566604
-99.72595215;42.86157608;0.008486467
-88.59335327;34.8756485;0.030086399
-83.39489746;31.98857498;0.009449776
-103.7067032;41.85100174;0.162110934
-97.16490173;39.34944916;0.0203855
-99.88445282;48.1962738;0.012127636
-96.36602783;39.34629822;0.009253885
-96.04109955;48.05445099;0.004054887
-85.32375336;43.64085007;0.038521928
-89.58399963;33.48187637;0.009217156
-78.94110107;33.93564224;0.020949474
-81.4769516;33.29272461;0.013390985
-88.87670135;37.45175171;0.026749703
-85.97789764;37.72254944;0.053494936
-96.20694733;43.08449936;0.438504389
-82.88500214;31.30154991;0.013404479
-75.60054779;39.5679512;0.067812067
-89.6019516;42.67874908;0.209763866
-95.62640381;40.74060059;0.354641152
-83.43489838;31.18860054;0.010916077
-78.38565063;35.53575134;0.015391173
-82.45535278;33.03715134;0.024282195
-85.67935181;37.57695007;0.086673632
-90.04879761;43.94499969;0.058419966
-86.63839722;38.0542984;0.03277485
-76.91425323;37.94520187;0.100016488
-78.57714844;34.61512375;0.043217249
-92.33719635;38.94599915;0.049011205
-87.19300079;36.85684967;0.181845357
-94.33840179;38.64720154;0.061919698
-100.3529282;47.58739853;0.002894263
-91.18849945;38.77019882;0.069885785
-101.6524963;41.19919968;0.084804855
-92.92445374;45.51234818;0.08380624
-82.8707962;31.58989906;0.013827434
-97.19300079;36.37662506;0.002988796
-76.68464661;36.89899826;0.043530566
-86.13110352;36.39260101;0.006838673
-83.78555298;31.91690063;0.006276934
-84.1114502;41.3266983;0.277611044
-89.07250214;42.6697998;0.324657862
-91.25215149;42.86285019;0.255798911
-96.83785248;37.78167343;0.032500788
-88.39624786;35.62049866;0.027042229
-96.19080353;41.53839874;0.037612999
-77.2059021;39.1440239;0.224228787
-83.76170349;31.18020058;0.00707308
-100.6643753;38.0006485;0.077778717
-81.92915344;33.04909897;0.011288788
-121.6795273;39.02019882;0.01400322
-83.9278717;30.86795044;0.021657852
-94.15509796;33.7424736;0.014692607
-96.54814911;42.14649963;0.027773546
-85.49160004;39.29195023;0.029180728
-90.0897522;32.64229965;0.050985902
-99.91607666;38.47992325;0.001163061
-82.32465363;32.57294846;0.005695986
-79.69869995;34.04192352;0.029107384
-89.35890198;38.08464813;0.174335541
-81.61579895;32.76720047;0.017349331
-77.07209778;37.35720062;0.043602265
-98.95227814;40.17634964;0.142977757
-79.24710083;35.020401;0.007588635
-88.46025085;33.51615143;0.036706152
-84.97975159;31.63299942;0.010405461
-79.71320343;33.59474945;0.022754042
-86.06334686;42.24489975;0.082107602
-95.29170227;38.21390152;0.078001698
-84.75274658;31.77510071;0.01456028
-95.74102783;37.19284821;0.052067188
-94.34279633;36.63249969;0.040823245
-89.8219986;33.78704834;0.008520235
-89.41404724;35.19924927;0.028832505
-90.04174805;37.31959915;0.025675001
-102.7751999;38.44020081;0.000441137
-86.52367401;42.00149918;0.114109019
-93.98545074;39.33520126;0.096855409
-94.69965363;41.02780151;0.234260637
-95.45375061;45.93349838;0.111339702
-89.71859741;40.74399948;0.284746659
-101.7853775;37.99969864;0.013641632
-82.82299805;40.52854919;0.151934297
-97.39849854;42.98485184;0.011084747
-100.4820786;41.56667328;0.030117579
-76.62840271;35.15995026;0.045445777
-88.95510101;33.90674973;0.009034313
-88.9694519;36.86270142;0.178580705
-84.39109802;31.2635498;0.037330284
-91.3085022;35.62210083;0.030829729
-91.57362366;34.78549957;0.007256978
-91.54434967;40.98740005;0.302113065
-85.21250153;38.19760132;0.039043182
-92.98345184;39.46640015;0.135398614
-75.53614807;39.09764862;0.12082005
-86.67030334;37.19749832;0.046720239
-94.24310303;40.734375;0.12205442
-85.52940369;42.24509811;0.129869985
-91.91394806;38.15174866;0.179765791
-92.686203;39.15724945;0.106349573
-76.24334717;36.28839874;0.151511812
-84.87979889;30.8933506;0.062358217
-86.2335968;37.99549866;0.049127257
-101.3541489;36.27747345;0.056568004
-75.75017548;38.10010147;0.063032915
-84.42479706;42.24767685;0.103930795
-83.81739807;32.15980148;0.00477245
-83.5026474;31.46190071;0.007663648
-86.41474915;37.80244827;0.031391398
-96.26462555;40.3926239;0.023263233
-96.61227417;41.23419952;0.111710771
-119.4890976;47.29534912;0.013054538
-82.63400269;31.82010078;0.009842372
-87.90840149;36.81755066;0.075811857
-87.13647461;37.22822571;0.041800956
-76.94934845;36.3906517;0.046000113
-86.47917175;38.83955002;0.044560301
-99.2852478;37.55825043;0.049531763
-86.83615112;36.85820007;0.154652858
-86.26055145;41.32532501;0.302110766
-87.37905121;36.48149872;0.043460725
-82.46510315;40.40570068;0.125090112
-96.22962189;43.37889862;0.384308511
-79.51319885;34.83660126;0.005385567
-93.02749634;40.46649933;0.026851226
-90.13212585;42.66025162;0.246371751
-84.15654755;39.02097321;0.041137525
-93.98860168;39.96127319;0.087361324
-86.80055237;37.82714844;0.048828125
-91.72650146;33.5910759;0.005660001
-97.78665161;36.79607391;0.002030113
-86.70950317;41.4986496;0.184552195
-91.07845306;36.3118515;0.011985671
-98.8980484;47.71747589;0.009670777
-76.68782806;36.42409897;0.027982884
-85.16809845;39.6569519;0.249319641
-100.7462006;41.04642487;0.093726355
-86.55049896;34.7371254;0.024264834
-90.66300201;35.57339859;0.008248212
-92.01065063;39.50030136;0.112716338
-97.50585175;26.14155006;0.008452846
-77.04425049;39.53525162;0.146420316
-84.57164764;40.83732605;0.263661635
-76.96724701;36.03039932;0.039107753
-88.44229889;35.96984863;0.071731745
-82.81195068;43.42214966;0.145016984
-77.39700317;39.46989822;0.068660993
-97.16212463;43.29167557;0.024571593
-84.18695068;33.78609848;0.019897788
-95.76304626;44.02225113;0.379074216
-90.96324921;39.04914856;0.091694555
-86.82830048;39.66830063;0.213403843
-93.32685089;40.739151;0.130802892
-101.3540497;35.40380096;0.019463762
-84.18334961;32.05120087;0.022538534
-93.0305481;44.69544983;0.236193774
-84.38745117;43.64725113;0.055162225
-96.62460327;42.78319931;0.066521135
-89.89937592;38.01305008;0.143710453
-92.06964874;39.77935028;0.126327531
-92.86930084;41.02944946;0.090128285
-97.8973465;42.65987396;0.037789229
-93.55827332;41.3362999;0.179035319
-87.7723999;39.32220078;0.3277667
-95.67845154;46.9341507;0.016931594
-93.28230286;44.37009811;0.246510541
-92.46977234;37.27054977;0.065074854
-91.94785309;40.7492981;0.13858236
-96.98274994;42.89419937;0.02163812
-95.80970001;40.41192627;0.006107989
-100.8154984;36.27799988;0.018220879
-96.09559631;47.86222458;0.012285225
-84.8715744;31.29475021;0.019866303
-95.00614929;45.1521759;0.273416891
-94.40384674;39.60129929;0.119773259
-86.1013031;39.49007416;0.242531778
-99.72740173;41.39392471;0.087111903
-97.19355011;41.91699982;0.058162529
-93.57185364;41.67762375;0.248364363
-84.302948;37.71220016;0.053810391
-82.60904694;39.74795151;0.165805468
-88.55905151;33.10710144;0.063868219
-95.57927704;41.33300018;0.362682864
-88.05854797;37.02334976;0.036219286
-77.16492462;36.76974869;0.027363817
-93.99770355;40.35485077;0.088992663
-76.66525269;40.89434814;0.115851471
-86.49539948;38.54119873;0.075481202
-83.62807465;31.71080017;0.009832885
-86.80314636;38.70230103;0.05578033
-88.68364716;34.29180145;0.020157254
-93.32767487;41.02965164;0.07983974
-89.4240036;38.36045074;0.243841204
-90.83934784;32.35977554;0.025570652
-83.23594666;31.25065041;0.015887138
-90.16145325;40.44940186;0.257763222
-89.3947525;43.46215057;0.214447718
-86.87615204;38.36460114;0.196543165
-85.42355347;41.39509964;0.218919511
-101.8056488;38.48099899;0.012853305
-94.47112274;41.33050156;0.288182856
-86.8477478;36.51100159;0.098379751
-99.47619629;46.45615005;0.008657469
-83.86299896;38.94689941;0.06259405
-99.87190247;38.91410065;0.006156492
-84.25305176;31.26029968;0.032045961
-78.61662292;34.21369934;0.052872812
-94.33184814;38.25859833;0.072741228
-94.7385025;44.30265045;0.368077383
-93.84980011;37.43175125;0.021349982
-84.13884735;40.78170013;0.22562619
-101.7189484;39.35079956;0.084207473
-91.87969971;34.77429962;0.010199619
-96.32409668;41.86505127;0.095125515
-97.07945251;41.56060028;0.154306046
-88.46219635;33.86980057;0.025763246
-91.2542038;35.17910004;0.031966039
-91.22395325;34.67029953;0.073405176
-91.69415283;40.10115051;0.157484505
-85.00060272;41.6432991;0.167526399
-88.57465363;35.18999863;0.036467684
-94.85134888;39.34452438;0.140886327
-77.49269867;36.35725021;0.005533757
-88.26934814;36.62385178;0.147653722
-89.82332611;37.72537613;0.075381318
-84.17115021;39.4225502;0.069595626
-84.13845062;41.60285187;0.316894267
-94.01525116;41.33430099;0.174031882
-85.71035004;38.43724823;0.059160356
-95.15055084;43.37810135;0.354684958
-88.73789978;36.28274918;0.166971165
-96.61722565;41.56800079;0.178649956
-86.51057434;39.76234818;0.22382098
-101.6966019;40.52474976;0.215902739
-97.1059494;36.79632568;0.013095951
-90.3927536;34.64220047;0.019925903
-93.7866745;40.73609924;0.077860568
-87.88790131;37.16952515;0.090062828
-84.72975159;31.16365051;0.060722487
-94.92735291;41.33119965;0.332252406
-88.37954712;37.20294952;0.029660213
-88.26014709;36.31095123;0.089018658
-98.9809494;41.56740189;0.157319885
-88.07975006;37.34669876;0.032359723
-92.08950043;43.67442322;0.266146589
-89.60575104;39.74985123;0.24081887
-91.17882538;40.88550186;0.274089871
-84.2684021;39.75045013;0.101531364
-89.42250061;38.58074951;0.259631402
-95.23014832;44.44680023;0.403710513
-84.44519806;31.79364967;0.038204073
-89.41564941;37.76264954;0.069607393
-84.57254791;41.12134933;0.19068611
-94.82315063;39.97505188;0.176291994
-95.56404877;39.82654953;0.277360383
-87.70700073;34.87467575;0.016804589
-94.85247803;37.50650024;0.077214501
-94.33499908;37.20600128;0.030286214
-76.84925079;35.47840118;0.080958549
-76.59700012;35.85354996;0.114342392
-83.45355225;32.25360107;0.004420621
-84.84735107;43.6405983;0.081353283
-97.60362244;45.36989975;0.085829112
-99.82042694;40.85932541;0.279976454
-83.4016037;43.47494888;0.151743843
-97.14234924;40.17589951;0.102256069
-92.14775085;40.12680054;0.101033695
-92.14714813;40.45330048;0.120447237
-89.96179962;34.3567009;0.017584405
-87.24272156;38.06195068;0.155001041
-91.68489838;40.43114853;0.149378585
-88.65164948;36.72394943;0.163114887
-86.46882629;39.48600006;0.167217138
-101.3112717;37.19184875;0.196512515
-95.62374878;42.73542404;0.362773976
-92.4083786;40.74580002;0.100908612
-95.15422821;43.67419815;0.402822115
-86.84279633;39.3193512;0.055169012
-94.41020203;40.21120071;0.088691711
-84.61795044;40.53995132;0.239466186
-79.35241699;34.42515182;0.028560666
-89.90975189;33.44549942;0.010454335
-86.07804871;38.59534836;0.103575386
-89.96690369;35.71875;0.020004175
-79.97360229;34.30884933;0.032021866
-82.48280334;40.09505081;0.094683176
-77.62840271;36.25709915;0.009047232
-94.4041214;39.89279938;0.088033357
-89.82522583;35.50654984;0.054422361
-88.94104767;36.00695038;0.14777988
-96.78717804;41.91630173;0.06364729
-91.84294891;43.29127502;0.274158582
-94.90065002;40.35165024;0.192144259
-94.85179901;39.67634964;0.165886681
-94.06945038;44.05599976;0.379431057
-95.8430481;44.4129982;0.373029181
-87.26767731;38.38835144;0.143617259
-101.7342987;34.53030014;0.010932277
-86.89495087;40.38869858;0.312943936
-88.41995239;41.93690109;0.253991815
-92.38424683;44.01435089;0.242387176
-84.92514801;39.62599945;0.305632931
-90.18789673;33.92950058;0.072068347
-91.4477005;39.50239944;0.141321656
-92.64199829;44.45449829;0.25819464
-92.74890137;43.67427444;0.399683767
-75.5904007;37.74407578;0.082374132
-96.38999939;47.77999878;0.010784776
-85.79122162;39.5231514;0.21437395
-90.96714783;39.62034988;0.295638625
-83.88069916;39.70064926;0.205631749
-85.05709839;39.3974762;0.12386658
-87.07610321;41.46474838;0.227212934
-93.79570007;39.10070038;0.226686768
-96.62609863;28.3953495;0.032939041
-91.86139679;39.20360184;0.165244914
-91.83820343;34.27754974;0.016776011
-91.71534729;41.33667374;0.320077456
-94.24214935;41.0271492;0.187769504
-87.78314972;34.72940063;0.017608447
-86.85904694;37.47510147;0.052628033
-77.05014801;35.11729813;0.024040837
-82.68599701;35.86902618;0.011519613
-84.93800354;40.74554825;0.276255304
-75.84447479;37.3199501;0.043702078
-90.80394745;42.48474884;0.273622484
-88.93005371;37.72975159;0.038009849
-92.86834717;40.74140167;0.080289673
-85.42684937;41.64157486;0.281816244
-97.53710175;48.77145004;0.013407821
-89.28559875;35.60985184;0.035165041
-89.98355103;38.43984985;0.185473246
-79.14320374;34.62639236;0.069822099
-96.24375153;29.29829979;0.067939145
-90.69380188;39.1344986;0.11388484
-95.81839752;41.68597412;0.354338902
-96.5414505;42.40052414;0.058638173
-92.53314972;42.07989883;0.344430195
-90.52674866;42.20740128;0.208795139
-83.86605072;44.03694916;0.046852851
-96.82430267;42.51259995;0.035750645
-98.77799988;42.48875046;0.080629368
-95.29772186;37.19172668;0.035159983
-87.49649811;36.89704895;0.158130233
-97.14035034;40.52405167;0.149911357
-98.20337677;47.93365097;0.015121687
-97.71777344;48.36875153;0.011702841
-86.58194733;36.7582016;0.219632499
-96.01345062;42.03889847;0.367450802
-78.38549805;34.9341011;0.041316304
-97.0951004;42.22117615;0.058140518
-89.12580109;36.57474899;0.19292893
-82.91850281;40.84989929;0.2922086
-101.8264999;34.06869888;0.025972976
-88.23957825;39.27510071;0.309772556
-88.86374664;40.51959991;0.208830446
-89.32109833;37.15855026;0.044948811
-85.00430298;42.24622345;0.144847401
-91.20445251;40.41614914;0.308323475
-78.05549622;35.38574982;0.073520097
-94.34545135;37.50147629;0.067574674
-83.60852814;39.19865036;0.085004428
-99.18624878;48.10874939;0.022408735
-93.76824951;44.36980057;0.305183946
-88.92430115;38.30075073;0.11220138
-82.99755096;40.28490067;0.114783233
-90.66134644;35.8478508;0.010990518
-84.05554962;43.7378006;0.162492966
-77.58429718;35.91450119;0.034032632
-84.57379913;41.5658493;0.177834685
-86.05225372;40.07249832;0.206925039
-85.0707016;41.09360123;0.175684671
-84.61955261;40.1352005;0.276915222
-96.25232697;43.67487335;0.388836224
-87.45075226;39.87779999;0.203759391
-89.1704483;42.32524872;0.253958715
-99.40450287;40.17655182;0.121544738
-84.60690308;43.29185104;0.200338081
-83.47975159;41.90895081;0.170114317
-88.94145203;37.99407578;0.140673534
-86.01629639;40.78094864;0.278705873
-93.17254639;39.16965103;0.25788333
-91.59962463;41.64260101;0.255551442
-83.64904785;41.39242554;0.230330299
-84.03279877;43.34859848;0.169977625
-84.22989655;40.03984833;0.24222128
-77.92545319;35.71974945;0.023579186
-83.24990082;31.62075043;0.044666629
-96.24424744;42.73550034;0.37182564
-95.75257874;43.6745491;0.399694572
-90.52365112;36.11629868;0.018939066
-86.11889648;40.46955109;0.366273416
-92.64009857;41.33544922;0.32434048
-90.28859711;39.9992485;0.353734371
-87.55449677;37.33784866;0.062436428
-85.72924805;38.68904877;0.36313433
-90.05535126;33.1167984;0.031001984
-93.09784698;41.33459854;0.208630303
-83.31369781;40.84009933;0.238452578
-98.23474884;31.2466507;0.033211639
-102.7835464;34.52997589;0.048913413
-84.51560211;41.29655075;0.175190315
-77.68460083;43.15254974;0.036971591
-85.79244995;40.84885025;0.261696154
-94.49295044;41.68315125;0.275143921
-91.21109772;39.97859955;0.231831421
-96.66805267;44.76050186;0.131304627
-89.64520264;37.36349869;0.065619491
-87.73654938;39.01404953;0.285352738
-97.13670349;41.25040054;0.179920835
-93.78569794;41.02939987;0.097855585
-87.10320282;41.01134872;0.389599371
-87.11274719;37.74544907;0.217619326
-84.21859741;40.33359909;0.202341975
-85.01584625;39.86045074;0.219137944
-98.50174713;40.87250137;0.491855783
-95.74357605;37.55924988;0.036760862
-97.99725342;41.39580154;0.132061203
-87.57517242;37.9986496;0.220483225
-85.44280243;38.74995041;0.059668761
-90.71495056;39.97309875;0.237710617
-90.4108963;36.71234894;0.028448189
-83.76554871;40.14175034;0.276361536
-89.00205231;36.6487999;0.249294305
-83.36090088;40.30697632;0.152081186
-88.53845215;38.08145142;0.210411113
-80.24034882;34.17739868;0.057122837
-93.34889984;43.6739502;0.388174072
-83.12560272;41.1242981;0.205461414
-76.78939819;38.12115097;0.078404529
-95.2989502;41.68444824;0.404621465
-90.3180542;41.55495071;0.242750439
-90.55609894;40.13135147;0.334394429
-95.15067291;43.08264923;0.399626905
-77.65180206;35.50970078;0.064760739
-89.1005249;37.20119858;0.129955426
-82.11289978;41.28879929;0.042195431
-94.03520203;41.68315125;0.331698552
-85.05905151;41.91595078;0.238034824
-95.16030121;44.02194977;0.414313114
-86.89354706;40.03984833;0.365763315
-84.62915039;31.53560066;0.02398012
-90.29250336;34.29167557;0.025087071
-88.9986496;37.07355118;0.147440874
-92.86180115;44.02265167;0.36511661
-88.91950226;38.65000153;0.132686676
-98.51734924;41.22014999;0.20550907
-76.54055023;36.16175079;0.030772127
-92.40930176;41.03044891;0.199016929
-89.44390106;36.0469017;0.082639569
-89.1359024;35.84472656;0.032396238
-88.9756012;38.97719955;0.204774316
-95.27400208;40.06892395;0.316309243
-94.89679718;41.6834259;0.356131384
-93.56285095;40.11307526;0.079949865
-82.64790344;41.38705063;0.149580195
-100.0930786;44.32595062;0.007381026
-97.13909912;40.87239838;0.188397129
-88.20159912;37.74515152;0.349925092
-82.99915314;39.64025116;0.25527485
-84.97605133;39.12760162;0.170510913
-94.67890167;42.73424911;0.458445127
-93.94795227;43.67385101;0.434617729
-77.38970184;35.01205063;0.020529584
-88.15354919;39.01094818;0.293916869
-77.43544769;35.58670044;0.035250852
-88.21600342;39.53004837;0.355665565
-98.74584961;48.22949982;0.046155632
-87.02204895;34.77484894;0.015403574
-85.86437225;41.23929977;0.261918605
-95.53177643;42.38619995;0.396316393
-83.12999725;41.3769989;0.210787429
-91.21697235;41.24805069;0.297400602
-88.42784882;41.59080124;0.385531693
-90.60790253;41.61054993;0.361681916
-95.68195343;45.2820015;0.320683093
-77.61160278;35.21720123;0.064868076
-91.94670105;41.03165054;0.226116369
-92.06430054;41.68629837;0.28508398
-94.61380005;43.97857666;0.431160963
-89.78652191;40.01884842;0.397772474
-82.58924866;41.14139938;0.176010778
-92.53250122;41.68610001;0.317825582
-90.28277588;42.35172653;0.190282492
-90.75524902;34.76824951;0.029865289
-89.7492981;36.20262527;0.069081082
-98.06244659;41.69844818;0.225720485
-77.92355347;34.9524498;0.069743375
-89.44454956;38.88444901;0.218634929
-86.05175018;40.31129837;0.426643688
-85.39880371;39.93199921;0.280743389
-86.69824982;41.30205154;0.295011477
-93.05169678;41.68555069;0.336049124
-99.07364655;40.85022354;0.242286852
-96.09449768;45.03689957;0.310918849
-87.31809998;34.55182648;0.023210577
-92.99877167;42.03637314;0.375390953
-87.82109833;38.41009903;0.345404305
-97.60077667;42.26435089;0.162258464
-87.40155029;39.43360138;0.175122121
-83.78309631;39.90380096;0.220780398
-76.35307312;36.19950104;0.082812437
-94.35514832;44.31824875;0.379665148
-98.97564697;41.22060013;0.126471264
-85.49700165;41.14844894;0.219808059
-85.71974945;40.16159821;0.274395638
-92.17839813;41.33634949;0.27516877
-99.14450073;45.07125092;0.063584848
-87.70619965;38.71025085;0.281853191
-87.65405273;37.49914932;0.15403286
-90.21324921;40.93235016;0.336155205
-98.5210495;41.56757355;0.132436167
-91.59889984;42.07939911;0.288569427
-83.13947296;40.56930161;0.199645899
-99.66717529;47.58717346;0.020771388
-90.45894623;39.65515137;0.347309198
-88.42504883;38.43119812;0.173781342
-95.1223526;42.38555145;0.40974176
-85.25869751;40.74219894;0.31295613
-94.84619904;37.16897583;0.06333884
-90.98504639;40.85345078;0.365866133
-89.15480042;36.35449982;0.189251436
-94.6556778;42.38465118;0.445332369
-86.20690155;41.04085159;0.362948088
-93.22582245;44.02244949;0.363025259
-93.45809937;36.74710083;0.174929273
-83.76734924;40.38394928;0.188478863
-95.90564728;44.73889923;0.35601318
-91.07630157;41.46595001;0.30632366
-101.0587463;41.56845093;0.135354629
-91.84382629;42.86259842;0.350585563
-87.21504974;39.77890015;0.188650876
-90.81085205;32.87982559;0.111421875
-84.64689636;39.74300003;0.228784134
-86.96154785;39.03699875;0.09633489
-97.54142761;41.53817368;0.264307151
-92.06472778;42.08039856;0.372963749
-88.47399902;38.7574501;0.226425147
-85.76415253;39.82154846;0.350148635
-93.5869751;44.02214813;0.424173066
-95.47419739;40.42335129;0.346508298
-98.22985077;47.45642471;0.013452717
-85.99255371;41.91559982;0.186352046
-83.43045044;39.90345001;0.258156261
-85.88504791;39.19297409;0.21891284
-87.31159973;40.30217361;0.369984652
-89.66110229;42.3512001;0.409056064
-99.86830139;40.52560043;0.160280894
-92.78015137;42.38292313;0.471072715
-94.67822266;43.37779999;0.45208028
-85.4654007;39.61999893;0.372370065
-90.27745056;33.5304985;0.069951261
-85.48919678;40.82904816;0.244631982
-96.62359619;28.96854973;0.10605161
-92.31777191;42.77460098;0.403202786
-90.02518463;36.31344986;0.033505462
-100.2697525;46.28807449;0.001241821
-85.61994934;39.00154877;0.115980065
-89.6453476;36.60385132;0.175375363
-88.58305359;40.86539841;0.439816145
-96.26529694;44.41397476;0.242072137
-85.01129913;40.15707397;0.282942826
-94.20709991;43.20404816;0.47211745
-90.94364929;33.82437515;0.023893618
-98.95137787;40.51995087;0.384243649
-96.4693985;45.38150024;0.222607908
-91.25454712;33.81832504;0.006127531
-87.26167297;40.15950012;0.381453916
-93.26055145;43.37742615;0.416015625
-97.59490204;40.17627335;0.215385954
-85.65450287;40.51599884;0.26379429
-92.31772614;43.06029892;0.373100131
-95.15070343;42.73529816;0.42679373
-88.19625092;40.13975143;0.425889839
-98.05400085;40.93600082;0.507249209
-95.62445068;43.3777504;0.427094566
-92.30919647;42.46974945;0.366441255
-85.01129913;40.43930054;0.244369722
-90.43624878;36.34980011;0.041549351
-97.25032806;42.60874939;0.07978939
-86.57279968;40.5842514;0.412178316
-97.59680176;40.87279892;0.460612601
-88.19560242;40.69805145;0.449552377
-93.93090057;42.0366745;0.386892783
-92.31707764;43.35675049;0.344911808
-83.05825043;41.54014969;0.097445578
-89.93524933;38.82717514;0.338917598
-98.0508728;40.5244751;0.299940666
-94.19860077;44.58684921;0.347458167
-86.05670166;38.89854813;0.151859869
-97.94225311;41.13367462;0.372514849
-90.51979828;41.88140106;0.379956977
-91.13140106;42.12142563;0.351712555
-90.77375031;41.19862366;0.357329061
-89.42150116;39.26160049;0.348776286
-94.20722198;42.77685165;0.446007228
-86.37335205;40.73600006;0.342495822
-95.64129639;44.95280075;0.361133751
-91.25557709;33.28395081;0.027900486
-88.82309723;42.32365036;0.387194688
-89.52185059;36.34429932;0.105173785
-88.17402649;38.07529831;0.246908279
-90.14689636;41.36687469;0.400869766
-96.5059967;46.89082336;0.051872058
-96.37825012;48.35832596;0.46896587
-94.86074829;42.03635025;0.42403304
-90.26055145;39.69842529;0.355213535
-102.2617493;34.53065109;0.095839688
-90.61444855;40.84859848;0.404362973
-90.36295319;32.75875092;0.080378312
-83.46130371;39.54712677;0.274392493
-94.25565338;44.80490112;0.02472399
-92.78865051;43.35639954;0.414849548
-89.59384918;40.53390121;0.337370542
-88.20545197;39.76599884;0.483150818
-86.29299927;41.59659958;0.071399496
-97.59784698;41.22079849;0.32685603
-89.30979919;36.81890106;0.228800586
-93.73435211;42.73292542;0.449334447
-94.18710327;42.42702484;0.403060903
-85.3967514;40.22785187;0.23797643
-96.00012207;45.58620071;0.356945878
-98.88269806;47.45712662;0.022630668
-83.64785004;40.66189957;0.224263221
-93.46487427;42.03620148;0.429587945
-94.98954773;44.67425156;0.385172496
-90.37457275;39.09270096;0.249299084
-87.09030151;39.38764954;0.228070298
-96.08394623;42.38647461;0.31873503
-87.94407654;37.6908493;0.34546146
-95.38134766;42.03715134;0.372929965
-95.27850342;38.89844894;0.006498019
-89.53884888;37.05530167;0.218967483
-91.36945343;42.4708519;0.413710305
-94.39659882;42.03654861;0.426078887
-90.00295258;42.06399918;0.445313028
-87.75019836;39.67969894;0.400428995
-87.73445129;40.17969894;0.351748454
-90.60714722;33.62872314;0.064861125
-87.6520462;38.34925079;0.270443758
-97.59619904;40.52457428;0.336645214
-96.52729797;46.32619858;0.084630305
-88.09764862;38.70949936;0.304135197
-88.54119873;37.75355148;0.399002799
-88.8615036;40.16579819;0.385142613
-86.84020233;40.73667526;0.414716273
-85.25499725;39.11159897;0.102915808
-94.67835236;43.08212662;0.414298193
-86.46900177;40.30455017;0.41540669
-92.78929901;43.06000137;0.393309493
-85.32382202;40.47269821;0.179815263
-88.87625122;41.2784996;0.384939027
-87.88880157;41.14630127;0.406815663
-90.67449951;34.25445175;0.052445186
-96.46205139;47.32529831;0.031917959
-90.96665192;33.26884842;0.101434412
-87.31015015;40.60630035;0.453010017
-93.73374939;43.37752533;0.4642982
-98.50095367;40.52460098;0.378276921
-91.13152313;41.77225113;0.373423264
-87.89015198;38.01462555;0.294905141
-88.41835022;41.28544998;0.386624792
-87.44117737;39.08039856;0.211384727
-87.42769623;38.6609993;0.33471541
-88.45290375;42.32415009;0.311389059
-86.46829987;40.05170059;0.401294785
-99.41124725;40.51815033;0.42594959
-83.79194641;39.40819931;0.206873053
-99.21514893;45.41854858;0.095884836
-89.93804932;41.75759888;0.469363801
-98.06659698;42.17625046;0.2001756
-96.55410004;45.80369949;0.278701946
-87.82859802;40.7478981;0.430081823
-89.31324768;42.04505157;0.389374102
-84.99884796;41.39709854;0.269223027
-87.59944916;37.78969955;0.205909752
-87.07777405;38.70209885;0.279367715
-95.38839722;39.23210144;0.003205965
-89.92569733;39.26065063;0.380446045
-89.51270294;41.36677551;0.445780948
-90.52909851;33.12594986;0.061290631
-89.24485016;40.76100159;0.398356852
-91.83944702;42.47019958;0.421218009
-98.07407379;46.93562317;0.034776925
-89.31414795;41.21319962;0.339291302
-93.71707153;42.38375092;0.451127575
-90.84234619;34.38195038;0.045115279
-90.67727661;40.45764923;0.396196513
-92.78967285;42.7317009;0.378254333
-88.64040375;39.61975098;0.401799017
-93.73435211;43.08169937;0.435008142
-93.25002289;42.3830986;0.441911429
-93.26065063;43.08160019;0.427513504
-88.60269928;40.03654861;0.4396107
-89.37345123;40.12097549;0.455246789
-93.26174927;42.73244858;0.439959481
-89.27935028;39.58472443;0.413840155
-96.01200104;45.93434906;0.215325946
-89.81130219;41.10385132;0.489468292
-99.99237823;45.07220078;0.002704878
-89.28507233;41.74874878;0.452146176
-97.15119934;47.45484924;0.113304772
-95.26959991;39.53597641;0.003252648
-98.40887451;43.34777451;0.005766614
-97.12895203;44.02209854;0.003606431
-95.09937286;39.81169891;0.011554006
